file	meanf0
abk-002-000	199.78
abk-002-001	185.36
abk-002-006	187.41
abk-002-009	175.25
abk-002-010	225.74
abk-002-011	197.48
abk-002-023	202.93
abk-002-024	206.84
abk-002-026	219.47
abk-002-027	228.895
abk-002-028	212.095
abk-002-030	195.74
abk-002-032	202.1
abk-002-033	200.39
abk-002-034	209.56
abk-002-035	208.11
abk-002-036	178.62
abk-002-037	183.49
abk-002-039	190.07
abk-002-040	184.765
abk-002-041	199.43
abk-002-042	198.09
abk-002-043	203.66
abk-002-044	196.78
abk-002-045	224.94
abk-002-047	157.41
abk-002-049	213.9
abk-002-050	203.29
abk-002-051	195.65
abk-002-052	204.14
abk-002-053	184.28
abk-002-070	209.62
abk-002-071	206.52
abk-002-072	246.38
abk-002-073	211.75
abk-002-074	200.296666666667
abk-002-077	280.09
abk-002-078	232.785
abk-002-079	226.7
abk-002-080	243.16
abk-002-083	234.92
abk-002-084	249.035
abk-002-085	216.3
abk-002-090	207.55
abk-002-097	200.78
abk-002-098	191.18
abk-002-101	217.335
abk-002-102	262.39
abk-002-103	206.66
abk-002-105	200.095
abk-002-106	232.32
ace-000-000	155.045
ace-000-001	161.53
ace-000-002	159.96
ace-000-003	163.23
ace-000-004	142.1
ace-000-007	158.79
ace-000-008	155.58
ace-000-009	150.27
ace-000-010	156.965
ace-000-011	150.045
ace-000-012	151.68
ace-000-013	155.223333333333
ace-000-014	148.5
ace-000-025	155.46
ace-000-026	155.56
ace-000-027	153.68
ace-000-028	149.356666666667
ace-000-030	77.505
ace-000-031	148.616666666667
ace-000-032	145.21
ace-000-033	155.68
ace-000-034	160.395
ace-000-035	167.55
ace-000-036	171.72
ace-000-038	160.395
ace-000-039	158.47
ace-000-041	159.16
ace-000-043	166.29
ace-000-044	160.42
ace-000-045	146.51
ace-000-050	162.1
ace-000-052	153.185
ace-000-053	154.17
ace-000-061	160.63
ady-000-001	189.405
ady-000-002	191.405
ady-000-003	193.01
ady-000-007	194.23
ady-000-008	192.54
ady-000-011	173.23
ady-000-013	189.99
ady-000-017	202.18
ady-000-018	187.92
ady-000-020	121.26
ady-000-021	204.56
ady-000-022	163.876666666667
ady-000-024	226.7
ady-000-025	220.285
ady-000-026	228.28
ady-000-031	169.22
ady-000-032	203.2
ady-000-033	169.46
ady-000-035	198.966666666667
ady-000-037	203.935
ady-000-039	206.43
ady-000-041	NA
ady-000-042	202.93
ady-000-046	209.47
ady-000-047	202.305
ady-000-048	194.886666666667
ady-000-049	188.43
ady-000-050	183.605
ady-000-051	192.9
ady-000-052	184.43
ady-000-054	213.94
ady-000-055	202.81
ady-000-056	176.73
ady-000-057	190.945
ady-000-058	182.63
ady-000-061	237.886666666667
ady-000-062	196.34
ady-000-063	210.11
ady-000-064	182.036666666667
ady-000-066	224.415
ady-000-068	194.245
ady-000-069	201.92
ady-000-070	212.275
ady-000-071	159.37
ady-000-073	265.74
ady-000-074	224.735
ady-000-076	160.095
ady-000-086	209.275
ady-000-087	228.57
ady-000-088	204.195
ady-000-089	199.305
ady-000-090	205.16
ady-000-091	186.67
ady-000-092	206.12
ady-000-093	179.22
ady-000-094	222.34
ady-000-095	197.01
ady-000-096	177.835
ady-000-097	88.015
ady-000-098	228.8
ady-000-099	232.715
ady-000-100	232.94
ady-000-101	220.71
ady-000-102	191.47
ady-000-103	259.76
ady-000-105	187.81
ady-000-106	200.51
ady-000-107	187.005
ady-000-111	210.9
ady-000-112	200.49
ady-000-113	246.11
ady-000-114	203.95
ady-000-115	216.62
ady-000-118	177.84
ady-000-119	203.52
ady-000-121	196.34
ady-000-122	186.68
ady-000-123	222.163333333333
ady-000-125	247.18
ady-000-126	243.93
ady-000-128	239.92
ady-000-129	205.65
ady-000-130	214.82
ady-000-133	193.97
ady-000-134	189.43
ady-000-135	186.89
ady-000-136	198.34
ady-000-137	266.97
ady-000-139	196.463333333333
ady-000-141	216.175
ady-000-142	193.42
ady-000-143	187.6
ady-000-144	214.62
ady-000-146	271.99
ady-000-147	215.56
ady-000-148	207.05
ady-000-149	188.44
aeb-000-000	113.365
aeb-000-001	116.04
aeb-000-002	122.28
aeb-000-003	111.855
aeb-000-006	113.165
aeb-000-007	111.165
aeb-000-009	118.09
aeb-000-011	109.48
aeb-000-015	111.52
aeb-000-023	123.46
aeb-000-024	122.635
aeb-000-025	105.32
aeb-000-026	97.62
aeb-000-029	120.27
aeb-000-030	113.625
aeb-000-031	114.485
aeb-000-032	127.1
aeb-000-033	117.22
aeb-000-034	117.295
aeb-000-035	113.87
aeb-000-039	114.34
aeb-000-040	106.14
aeb-000-041	116.42
aeb-000-042	120.425
aeb-000-043	NA
aeb-000-046	118.48
aeb-000-047	120.09
aeb-000-048	117.69
aeb-000-049	129.1
aeb-000-050	127.76
aeb-000-051	123.38
aeb-000-053	118.86
aeb-000-054	125.22
aeb-000-055	127.555
aeb-000-059	136.37
aeb-000-060	125.276666666667
aeb-000-061	122.515
aeb-000-062	120.233333333333
afn-005-001	105.8
afn-005-002	89.79
afn-005-006	103.07
afn-005-008	104.905
afn-005-009	92.96
afn-005-011	100.89
afn-005-012	111.59
afn-005-013	101.705
afn-005-014	103.573333333333
afn-005-015	87.52
afn-005-018	100.74
afn-005-020	100.675
afn-005-022	99.2833333333333
afn-005-024	98.24
afn-005-029	105.296666666667
afn-005-030	115.6875
afn-005-031	104.115
afn-005-035	95.105
afn-005-037	97.15
afn-005-038	99.1
afn-005-040	106.85
afn-005-045	NA
afn-005-047	115.97
afn-005-048	107.86
afn-005-049	114.926666666667
afn-005-050	108.53
afn-005-054	105.063333333333
afn-005-055	108.4
afn-005-060	113.23
afn-005-061	106.82
afn-005-064	101.26
afn-005-065	106.56
afn-005-066	110.735
afn-005-070	110.53
afn-005-071	105.38
afn-005-072	118.626666666667
afn-005-073	100.505
afn-005-078	120.84
afn-005-079	124.775
afn-005-080	107.08
afn-005-082	104.12
afn-005-084	131.2
afn-005-095	111.84
afn-005-096	117.18
afn-005-097	96.355
afn-005-100	102.845
afn-005-101	116.26
afr-000-000	132.17
afr-000-001	142.89
afr-000-003	116.02
afr-000-005	127.71
afr-000-006	147.45
afr-000-008	111.94
afr-000-009	125.645
afr-000-011	146.8
afr-000-013	140.03
afr-000-015	136.56
afr-000-016	119.04
afr-000-017	137.56
afr-000-018	124.64
afr-000-019	105.03
afr-000-020	113.74
afr-000-021	110.54
afr-000-022	101.67
afr-000-023	128.86
afr-000-024	135.23
afr-000-025	136.8
afr-000-028	132.03
afr-000-030	138.23
afr-000-032	107.41
afr-000-033	NA
afr-000-034	104.54
afr-000-035	95.36
afr-000-036	94.18
afr-000-037	97.93
afr-000-038	NA
afr-000-039	90.44
afr-000-040	80.53
afr-000-041	NA
afr-000-042	130.14
afr-000-043	114.71
afr-000-044	108.43
afr-000-045	116.945
afr-000-046	NA
afr-000-047	131.2
afr-000-048	119.75
afr-000-049	123.26
afr-000-050	122.02
afr-000-051	128.09
afr-000-052	122.92
afr-000-053	131.24
afr-000-054	145.75
afr-000-055	124.13
afr-000-056	114.84
afr-000-058	NA
afr-000-059	224.57
afr-000-060	NA
afr-000-061	NA
afr-000-062	124.24
afr-000-063	NA
afr-000-064	128
afr-000-065	NA
afr-000-066	125.78
afr-000-067	NA
afr-000-068	125.41
afr-000-069	128.405
afr-000-070	126.63
afr-000-071	128.105
afr-000-072	123.48
afr-000-073	138.19
afr-000-074	139.31
afr-000-075	131.68
afr-000-076	127.26
afr-000-077	122.9
afr-000-078	123.35
afr-000-079	NA
afr-000-080	NA
afr-000-081	NA
afr-000-083	125.41
afr-000-084	118.42
afr-000-085	111.3
afr-000-086	NA
afr-000-087	125.46
afr-000-088	120.53
afr-000-089	122.95
afr-000-090	126.24
afr-000-091	119.75
afr-000-092	117.15
afr-000-093	124.04
afr-000-095	139.11
afr-000-096	134.99
afr-000-099	126.84
afr-000-100	131.21
afr-000-101	154.65
afr-000-102	112.23
afr-000-109	152.86
afr-000-110	122.81
afr-000-111	129.26
afr-000-113	131.13
afr-000-114	206.02
afr-000-115	157.96
afr-000-119	124.54
afr-000-120	135.53
afr-000-122	130.77
afr-000-123	124.673333333333
afr-000-124	121.973333333333
agx-000-001	192.03
agx-000-002	233.89
agx-000-003	231.7
agx-000-004	201.296666666667
agx-000-005	264.33
agx-000-006	245.34
agx-000-008	222.593333333333
agx-000-009	205.7
agx-000-010	228.88
agx-000-011	248.07
agx-000-012	204.136666666667
agx-000-013	233.595
agx-000-014	219.35
agx-000-015	281.9
agx-000-016	225.67
agx-000-017	225.055
agx-000-018	239.14
agx-000-019	236.75
agx-000-021	174.24
agx-000-022	217.07
agx-000-023	232.27
agx-000-024	238.24
agx-000-025	237.16
agx-000-026	261.43
agx-000-027	249.61
agx-000-028	189.08
agx-000-029	214.98
agx-000-030	212.5
agx-000-031	232.42
agx-000-033	228.29
agx-000-034	276.39
agx-000-036	205.88
agx-000-037	209.89
agx-000-038	203.3
agx-000-039	212.325
agx-000-040	222.07
agx-000-041	197.59
agx-000-042	229.89
agx-000-044	279.85
agx-000-045	208.42
agx-000-046	193.296666666667
agx-000-047	209.41
agx-000-048	220.28
agx-000-049	238.21
agx-000-050	233.56
agx-000-051	216.62
agx-000-053	214.13
agx-000-054	212.04
agx-000-055	219.04
agx-000-056	247.505
agx-000-058	247.765
agx-000-059	215.39
agx-000-060	210.07
agx-000-061	194.335
agx-000-062	233.07
agx-000-063	215.585
agx-000-064	229.583333333333
agx-000-065	213.26
agx-000-066	213.42
agx-000-067	108.81
agx-000-068	112.13
agx-000-069	216.575
agx-000-070	225.92
agx-000-073	278.53
agx-000-076	239.82
agx-000-077	207.125
agx-000-080	182.17
agx-000-081	184.31
agx-000-082	171.39
agx-000-083	213.25
agx-000-084	210.255
agx-000-085	232.69
ajp-002-004	199.855
ajp-002-005	190.64
ajp-002-008	208.1
ajp-002-009	195.98
ajp-002-011	215.34
ajp-002-012	206
ajp-002-021	200.2
ajp-002-024	207.67
ajp-002-026	219.98
ajp-002-027	214.33
ajp-002-030	191.95
ajp-002-031	180.29
ajp-002-038	210.84
ajp-002-041	198.4
ajp-002-042	192.645
ajp-002-043	189.41
ajp-002-045	197.415
ajp-002-047	197.11
ajp-002-048	202.79
ajp-002-049	195.7
ajp-002-053	176.44
aka-007-002	126.74
aka-007-005	176.46
aka-007-007	168.88
aka-007-008	156.66
aka-007-009	174.48
aka-007-010	173.9
aka-007-011	199.5
aka-007-012	176.75
aka-007-014	182.33
aka-007-015	173.61
aka-007-016	174.253333333333
aka-007-017	180.59
aka-007-018	183.02
aka-007-020	173.74
aka-007-021	190.71
aka-007-022	192.68
aka-007-025	216.96
aka-007-026	205.45
aka-007-027	206.88
aka-007-028	194.98
aka-007-030	197.71
aka-007-032	188.51
aka-007-033	186.15
aka-007-034	186.01
aka-007-035	185.53
aka-007-038	216.2
aka-007-041	163.92
aka-007-042	172.27
aka-007-043	202.69
aka-007-044	202.47
apc-005-000	149.67
apc-005-001	175.71
apc-005-002	168.68
apc-005-003	151.68
apc-005-005	169.25
apc-005-006	155.41
apc-005-007	108.84
apc-005-008	167.21
apc-005-010	151.26
apc-005-011	168.54
apc-005-012	151.88
apc-005-013	166.54
apc-005-015	151.02
apc-005-016	156.43
apc-005-017	157.37
apc-005-018	164.96
apc-005-019	158.55
apc-005-020	161.94
apc-005-021	180.83
apc-005-023	147.48
apc-005-024	189.26
apc-005-025	159
apc-005-026	157.005
apc-005-027	196.67
apc-005-028	171.12
apc-005-029	169.71
apc-005-031	162.1
apc-005-032	158.655
apc-005-033	159.68
apc-005-035	164.35
apc-005-036	148.63
apc-005-037	175.19
apc-005-038	194.95
apc-005-039	170.03
apc-005-040	173.83
apc-005-041	190.5
apc-005-042	190.43
apc-005-044	156.58
apc-005-045	168.53
apc-005-046	167.14
apc-005-047	172.17
apc-005-050	179.33
apc-005-051	139.22
apc-005-052	175.57
apc-005-053	179.12
apc-005-055	149.37
apc-005-056	177.45
apc-005-057	155.38
apc-005-058	171.53
apc-005-059	201.09
apc-005-060	181.52
apc-005-061	177.87
apc-005-062	172.36
apc-005-063	175.87
apc-005-064	145.505
apc-005-065	157.68
apc-005-066	180.14
apc-005-067	173.56
apc-005-068	166.185
apc-005-069	159.31
apc-005-070	176.44
apc-005-071	174.55
apc-005-072	160.865
apc-005-073	159.975
apc-005-074	156.685
apc-005-075	185.95
apc-005-076	165.095
apc-005-078	183.17
apc-005-079	170.96
apc-005-080	168.305
apc-005-081	160.195
apc-005-082	165.095
apc-005-083	111.065
apc-005-084	150.34
apc-005-085	176.73
apc-005-086	213.2
apc-005-087	149.4
apc-005-088	152.42
apc-005-089	162.615
apc-005-090	186.26
apc-005-091	179.26
apc-005-092	158.575
apc-005-093	167.42
apc-005-094	179.46
apc-005-095	195.31
apc-005-096	152.875
apc-005-097	159.915
apc-005-098	170.31
apc-005-099	190.13
apc-005-100	164.8
apc-005-101	163.74
apc-005-102	157.16
apc-005-103	155.07
apc-005-104	166.02
apc-005-105	155.96
apc-005-106	149.465
apc-005-107	194.23
apc-005-108	179.77
apc-005-109	169.44
apc-005-110	146.335
apc-005-111	185.03
apc-005-112	174.46
apc-005-113	168.46
apc-005-114	184.26
apc-005-115	172.64
apc-005-116	159.295
apc-005-117	154.12
apc-005-118	159.97
apc-005-119	153.565
apc-005-120	158.56
apc-005-121	164.92
apc-005-122	119.14
apc-005-123	153.885
apc-005-124	159.63
apc-005-125	154.79
apc-005-126	176.09
apc-005-127	169.28
apc-005-128	187.4
apc-005-129	159.46
apc-005-130	157.16
apc-005-131	165.51
apc-005-132	170.74
apc-005-133	177.99
apc-005-134	175.48
apc-005-135	180.91
apc-005-136	179.61
apc-005-137	181.18
apc-005-138	172.86
apc-005-139	152.52
apc-005-140	158.44
apc-005-141	155.12
apc-005-142	161.31
apc-005-143	150.085
apc-005-144	172.24
apc-005-146	166.09
apc-005-147	173.09
apc-005-148	167.32
apc-005-151	189.71
apc-005-152	169.88
apc-005-153	165.98
apc-005-154	179.19
apc-005-155	141.395
apc-005-157	187.815
apc-005-158	148.693333333333
apc-005-159	161.265
apc-005-160	148.895
ape-000-000	155.96
ape-000-001	163.69
ape-000-002	122.24
ape-000-003	147.31
ape-000-004	145.78
ape-000-005	161.3
ape-000-006	149.14
ape-000-007	117.31
ape-000-008	152.633333333333
ape-000-009	147.266666666667
ape-000-010	NA
ape-000-011	152.023333333333
ape-000-012	146.64
ape-000-013	138.325
ape-000-014	155.49
ape-000-015	152.96
ape-000-016	136.035
ape-000-017	164.17
ape-000-018	147.4
ape-000-026	140.23
ape-000-029	139.775
ape-000-030	144.55
ape-000-031	125.695
ape-000-032	157.39
ape-000-035	144.45
ape-000-036	134.25
ape-000-038	150.95
ape-000-039	145.16
ape-000-040	122.03
ape-000-041	142.395
ape-000-042	132.12
ape-000-043	143.53
ape-000-046	155.445
ape-000-047	129.78
ape-000-048	110.255
ape-000-049	150.96
ape-000-050	150.895
ape-000-051	143.59
ape-000-052	154.67
ape-000-053	152.99
ape-000-054	153.86
ape-000-055	162.485
ape-000-056	150.53
ape-000-057	134.61
ape-000-058	158.57
ape-000-059	146.315
ape-000-060	150.81
ape-000-061	167.14
ape-000-062	155.185
ape-000-064	145.72
ape-000-065	136.31
ape-000-066	144.15
ape-000-067	142.87
ape-000-068	140.67
ape-000-069	148.02
ape-000-070	138
ape-000-072	148.685
ape-000-073	133.285
ape-000-074	153.01
ape-000-075	136.335
apw-031-000	125.25
apw-031-001	111.55
apw-031-003	103.92
apw-031-005	111.946666666667
apw-031-006	118.02
apw-031-008	107.76
apw-031-009	NA
apw-031-013	145.43
apw-031-014	119.21
apw-031-015	120.61
apw-031-016	120.195
apw-031-017	137.3625
apw-031-018	127.143333333333
apw-031-019	120.366666666667
apw-031-020	126.905
apw-031-021	115.43
apw-031-023	120.085
apw-031-026	126.745
apw-031-027	119.013333333333
apw-031-029	116.843333333333
apw-031-031	122.02
apw-031-033	112.775
apw-031-034	116.525
apw-031-036	122.49
apw-031-038	104.94
apw-031-039	122.15
apw-031-040	116.95
apw-031-042	126.2
apw-031-043	112.59
apw-031-044	119.57
apw-031-045	117.33
apw-031-046	134.02
apw-031-047	111.47
apw-031-048	117.695
apw-031-049	123.43
apw-031-050	110.425
apw-031-051	120.645
apw-031-052	111.33
apw-031-055	NA
apw-031-057	119.31
apw-031-058	116.08
apw-031-059	114.36
apw-031-060	122.415
apw-031-064	126.43
apw-031-065	117.475
apw-031-066	109.85
apw-031-067	NA
apw-031-068	125.765
apw-031-069	116.2
apw-031-070	NA
apw-031-071	124.1
apw-031-074	NA
asm-003-005	111.57
asm-003-008	115.42
asm-003-009	120.25
asm-003-012	129.11
asm-003-013	80.45
asm-003-014	102.815
asm-003-016	141.083333333333
asm-003-017	NA
asm-003-018	172.04
asm-003-019	125.91
asm-003-021	116.73
asm-003-024	127.49
asm-003-025	113.69
asm-003-032	149.16
asm-003-040	141.355
asm-003-041	119.18
asm-003-042	128.88
asm-003-043	121.39
asm-003-046	145.403333333333
asm-003-047	107.55
asm-003-048	139.03
asm-003-049	141.25
asm-003-050	141.94
asm-003-051	117.9
asm-003-054	145.5
asm-003-055	95.77
asm-003-056	147.15
asm-003-058	141.91
asm-003-059	112.825
asm-003-060	153.14
asm-003-061	103.74
asm-003-062	144.34
asm-003-063	104.96
asm-003-064	127.45
asm-003-065	115.31
asm-003-066	154.1
asm-003-067	101.68
asm-003-068	153.11
asm-003-069	103.81
asm-003-070	149.42
asm-003-071	115.886666666667
asm-003-072	157.315
asm-003-073	115.235
asm-003-074	157.28
asm-003-075	134.48
asm-003-076	174.08
asm-003-078	160.75
asm-003-079	81.35
asm-003-082	163.11
asm-003-083	115.1025
asm-003-084	161.22
asm-003-085	114.29
asm-003-090	149.525
asm-003-091	107.975
asm-003-092	148.41
asm-003-093	141.93
asm-003-094	160.9
asm-003-095	89.74
asm-003-096	145.415
asm-003-097	101.98
asm-003-098	187.71
asm-003-099	104.28
asm-003-100	128.26
asm-003-102	147.99
asm-003-103	98.68
asm-003-104	153.88
asm-003-107	143.83
asm-003-108	124.98
asm-003-109	165.15
asm-003-110	75.27
asm-003-114	166.77
asm-003-115	128.55
asm-003-116	164.205
asm-003-117	139.84
asm-003-119	124.265
azb-000-000	249.65
azb-000-001	292.295
azb-000-002	253.59
azb-000-003	249.97
azb-000-004	258.93
azb-000-005	252.09
azb-000-006	251.5
azb-000-007	246.99
azb-000-008	257.52
azb-000-010	262.06
azb-000-013	258.57
azb-000-014	294.6
azb-000-015	293.29
azb-000-016	243.13
azb-000-017	189.5
azb-000-018	237.295
azb-000-020	253.5
azb-000-022	248.56
azb-000-023	286.2
azb-000-025	256.405
azb-000-026	254.4
azb-000-027	245.48
azb-000-028	243.23
azb-000-029	233.895
azb-000-030	245.34
azb-000-031	244.035
azb-000-032	244.98
azb-000-033	249.82
azb-000-034	240.315
azb-000-035	276.775
azb-000-036	265.13
azb-000-037	246.54
azb-000-038	241.585
azb-000-039	177.925
azb-000-040	247.35
azb-000-041	241.33
azb-000-044	242.49
azb-000-045	241.575
azb-000-048	196.035
azb-000-049	262.3
azb-000-050	237.7
azb-000-051	244.55
azb-000-052	231.42
azb-000-053	240.99
azb-000-057	254.13
azb-000-058	256.47
azb-000-059	241.845
azb-000-061	289.63
azb-000-062	258.275
azb-000-063	246.73
bam-000-000	104.74
bam-000-006	121.07
bam-000-012	111.925
bam-000-021	113.3
bam-000-022	86.84
bam-000-023	131.9
bam-000-024	115.98
bam-000-025	117.76
bam-000-028	87.22
bam-000-029	103.765
bam-000-030	101.705
bam-000-031	96.045
bam-000-032	102.413333333333
bam-000-035	115.486666666667
bam-000-036	107.416666666667
bam-000-041	123.674
bam-000-042	132.305
bam-000-046	107.22
bam-000-047	107.4
bam-000-048	110.7
bam-000-049	126.636666666667
bam-000-060	137.01
bam-000-061	139.11
bam-000-062	162.04
bam-000-067	130.16
bam-000-068	109.93
bem-001-000	182.845
bem-001-001	184.41
bem-001-002	206.395
bem-001-003	NA
bem-001-005	203.35
bem-001-006	202.206666666667
bem-001-007	194.68
bem-001-008	255.67
bem-001-010	259.21
bem-001-012	272.916666666667
bem-001-013	213.373333333333
bem-001-014	218.47
bem-001-015	201.556666666667
bem-001-017	173.33
bem-001-018	186.64
bem-001-019	226.136666666667
bem-001-020	218.36
bem-001-021	185.51
bem-001-022	225.38
bem-001-023	193.83
bem-001-024	173.38
bem-001-025	233.5
ben-000-000	136.475
ben-000-002	168.43
ben-000-004	170.73
ben-000-006	132.03
ben-000-007	133.45
ben-000-008	152.34
ben-000-009	141.005
ben-000-010	109.96
ben-000-011	119.85
ben-000-013	144.56
ben-000-014	172.08
ben-000-015	160.53
ben-000-016	137.315
ben-000-018	136.76
ben-000-022	126.78
ben-000-023	122.61
ben-000-024	117.59
ben-000-026	167.94
ben-000-027	169.58
ben-000-030	152.31
ben-000-031	100.71
ben-000-034	123.86
ben-000-037	161.74
ben-000-041	106.94
ben-000-043	111.76
ben-000-044	107.7
ben-000-045	117.22
ben-000-049	145.485
ben-000-051	115.79
bfd-000-000	131.94
bfd-000-001	NA
bfd-000-002	133.43
bfd-000-003	118.24
bfd-000-004	127.47
bfd-000-006	118.93
bfd-000-007	137.17
bfd-000-008	135.2375
bfd-000-009	120.845
bfd-000-011	118.96
bfd-000-014	133.37
bfd-000-015	135.895
bfd-000-016	120.8
bfd-000-017	124.07
bfd-000-018	144.905
bfd-000-019	NA
bfd-000-020	146.995
bfd-000-022	128.443333333333
bfd-000-023	127.376666666667
bfd-000-024	136.225
bfd-000-026	115.795
bfd-000-027	141.3975
bfd-000-028	129.245
bfq-003-006	143.6
bfq-003-007	132.38
bfq-003-008	104.67
bfq-003-009	128.92
bfq-003-010	118.885
bfq-003-012	NA
bfq-003-016	145.74
bfq-003-017	140.88
bfq-003-018	130.4
bfq-003-019	129.54
bfq-003-020	156.69
bfq-003-021	168.11
bfq-003-022	164.92
bfq-003-023	143.57
bfq-003-024	115.565
bfq-003-028	112.065
bfq-003-029	136.28
bfq-003-030	141.95
bfq-003-035	129.56
bfq-003-036	139.9
bfq-003-037	145.81
bhk-000-001	184.59
bhk-000-002	187.805
bhk-000-003	178.42
bhk-000-004	186.025
bhk-000-006	180.9
bhk-000-007	190.57
bhk-000-008	194.75
bhk-000-009	188.433333333333
bhk-000-010	190.11
bhk-000-011	197.61
bhk-000-012	189.61
bhk-000-013	198.7
bhk-000-014	202.885
bhk-000-015	191.56
bhk-000-016	181.14
bhk-000-017	190.745
bhk-000-018	179.61
bhk-000-019	197.685
bhk-000-020	189.725
bhk-000-021	185.975
bhk-000-025	188.12
bhk-000-026	189.43
bhk-000-027	192.83
bhk-000-028	193.133333333333
bhk-000-029	190.455
bhk-000-030	193.8
bhk-000-031	176.95
bhk-000-033	190.38
bhk-000-034	191.29
bhk-000-035	202.736666666667
bhk-000-036	188.493333333333
bhk-000-037	205.885
bhk-000-038	197.896666666667
bin-001-000	151.675
bin-001-001	141.295
bin-001-002	157.56
bin-001-003	141.38
bin-001-004	142.24
bin-001-005	146.38
bin-001-006	157.12
bin-001-007	124.62
bin-001-008	124.19
bin-001-009	166.1
bin-001-010	151.6
bin-001-011	140.076666666667
bin-001-013	165.24
bin-001-014	162.15
bin-001-015	164.1
bin-001-016	152.33
bin-001-018	182.21
bin-001-020	161.01
bin-001-021	157.583333333333
bin-001-022	141.46
bin-001-023	151.856666666667
brv-000-001	135.61
brv-000-002	142.425
brv-000-003	146.755
brv-000-007	140.11
brv-000-008	138.63
brv-000-009	137.8
brv-000-010	144.9
brv-000-011	138.12
brv-000-012	146.7
brv-000-013	143.61
brv-000-014	138.49
brv-000-015	145.225
brv-000-016	146.24
brv-000-019	147.61
brv-000-020	142.04
brv-000-022	140.78
brv-000-023	155.09
brv-000-024	144.39
brv-000-027	149.58
brv-000-029	137.365
brv-000-030	129.76
brv-000-032	147.07
brv-000-034	150.685
brv-000-035	157.04
brv-000-036	151.65
brv-000-038	145.96
brv-000-043	139.06
brv-000-044	138.055
brv-000-046	156.87
brv-000-047	147.285
brv-000-049	128.07
brv-000-050	158.18
bsq-002-000	223.18
bsq-002-001	126.82
bsq-002-006	127.57
bsq-002-007	113
bsq-002-009	177.11
bsq-002-010	150.88
bsq-002-011	142.09
bsq-002-017	NA
bsq-002-019	128.32
bsq-002-020	131.28
bsq-002-021	162.73
bwr-001-000	146.84
bwr-001-001	143.27
bwr-001-002	148.17
bwr-001-003	154.8
bwr-001-005	146.56
bwr-001-006	162.08
bwr-001-009	154.91
bwr-001-010	164.955
bwr-001-012	154.595
bwr-001-015	135.17
bwr-001-017	166.16
bwr-001-018	158.15
bwr-001-019	151.01
bwr-001-020	149.45
bwr-001-021	150.53
bwr-001-022	142.5
bwr-001-023	144.925
bwr-001-024	145.025
bwr-001-025	159.67
bwr-001-026	153.74
bwr-001-027	166.085
bwr-001-028	138.64
bwr-001-029	156.34
bwr-001-030	147.9
bwr-001-031	159.425
bwr-001-032	152.58
bwr-001-033	160.91
bwr-001-034	146.97
bwr-001-035	138.07
bwr-001-036	155.96
bwr-001-037	153.18
bwr-001-038	147.27
bwr-001-039	141.705
bwr-001-040	137.045
bwr-001-041	132.06
bwr-001-042	143.34
bwr-001-043	137.45
bwr-001-044	159.22
bwr-001-045	135.56
bwr-001-046	144.925
bwr-001-047	144.19
cbv-000-000	282.495
cbv-000-001	269.64
cbv-000-002	313.735
cbv-000-003	292.29
cbv-000-004	280.42
cbv-000-005	270.05
cbv-000-006	306.51
cbv-000-007	349.35
cbv-000-009	265.98
cbv-000-011	298.46
cbv-000-012	279.02
cbv-000-013	299.115
cbv-000-014	256.26
cbv-000-015	267.78
cbv-000-016	275.99
cbv-000-017	264.96
cbv-000-019	268.05
cbv-000-021	286.05
cbv-000-022	320.41
cbv-000-023	303.85
cbv-000-024	312.865
cbv-000-025	269.37
cbv-000-026	389.59
cbv-000-028	275.54
cbv-000-029	278.135
cbv-000-030	350.71
cbv-000-032	277.19
cbv-000-033	294.28
cbv-000-034	345.76
cbv-000-035	269
cbv-000-036	277.82
cbv-000-037	289.075
cbv-000-038	274.18
cbv-000-039	263.26
cbv-000-040	310.11
cbv-000-041	280.785
cbv-000-043	304.745
cbv-000-044	272.86
cbv-000-045	299.05
cbv-000-046	NA
cbv-000-047	260.335
cbv-000-048	289.76
cbv-000-049	306.19
cbv-000-050	263.94
cbv-000-051	306.27
cbv-000-052	237.19
cbv-000-053	246.69
cbv-000-054	310.185
cbv-000-055	299.585
cbv-000-056	263.475
cbv-000-057	NA
cbv-000-058	269.706666666667
cbv-000-059	300.295
cbv-000-060	321.026666666667
cbv-000-061	NA
cbv-000-062	296.005
cbv-000-065	266.45
ces-004-002	224.5
ces-004-003	216.65
ces-004-006	251.22
ces-004-007	251.49
ces-004-008	228.44
ces-004-009	228.08
ces-004-010	227.8
ces-004-011	230.07
ces-004-014	214.45
ces-004-015	214.13
ces-004-024	175.51
ces-004-025	252.32
ces-004-026	215.45
ces-004-027	212.54
ces-004-028	196.13
ces-004-030	206.36
ces-004-032	209.88
ces-004-034	214.825
ces-004-035	221.05
ces-004-037	181.42
ces-004-038	238.48
ces-004-039	242.68
ces-004-040	199.74
ces-004-041	221.586666666667
cha-001-001	173.535
cha-001-002	228.755
cha-001-003	222.515
cha-001-004	239.15
cha-001-005	181.345
cha-001-006	274.2
cha-001-007	256.73
cha-001-008	254.35
cha-001-010	217.98
cha-001-011	244.055
cha-001-012	225.153333333333
cha-001-013	240.71
cha-001-014	234.015
cha-001-015	197.33
cha-001-016	239.15
cha-001-017	226.88
cha-001-018	240.875
cha-001-019	232.09
cha-001-021	233.713333333333
cha-001-022	229.035
cha-001-025	217.79
cha-001-026	232.05
cji-000-001	109.29
cji-000-002	150.36
cji-000-003	115.38
cji-000-005	146.87
cji-000-006	152.095
cji-000-010	170.99
cji-000-011	121.78
cji-000-013	136.88
cji-000-014	160.66
cji-000-015	107.91
cji-000-018	160.36
cji-000-019	126.335
cji-000-020	151.87
cji-000-021	164.55
cji-000-022	143.25
cji-000-024	147.56
cji-000-027	109.35
cji-000-029	116.61
cji-000-030	139.61
cji-000-031	114.93
cji-000-032	146.745
cji-000-033	93.96
cji-000-034	137.98
cji-000-035	147.72
cji-000-036	134.79
cji-000-037	96.81
cji-000-040	123.525
cji-000-043	145.45
cji-000-044	109.61
cji-000-046	148.33
cji-000-047	138.99
cji-000-048	128.55
cji-000-052	140.29
cji-000-053	131.065
cji-000-054	135.26
cji-000-057	113.21
cji-000-058	106.21
cji-000-059	112.29
col-001-000	83.07
col-001-001	80.9566666666667
col-001-002	NA
col-001-003	95.93
col-001-004	90.85
col-001-005	NA
col-001-006	NA
col-001-007	NA
col-001-008	83.685
col-001-010	77.45
col-001-011	117.84
col-001-012	209.47
col-001-014	NA
col-001-015	83.6
col-001-016	84.55
col-001-017	89.76
col-001-018	81.81
col-001-019	91.02
col-001-021	81.445
col-001-023	90.49
col-001-024	90.21
col-001-026	NA
col-001-027	85.37
col-001-028	85.03
col-001-029	203.65
col-001-030	NA
col-001-033	NA
col-001-035	212.195
col-001-036	82.92
col-001-037	NA
col-001-038	80.905
col-001-041	NA
col-001-042	84.8
col-001-043	80.52
col-001-044	NA
col-001-046	NA
col-001-047	NA
col-001-048	88.57
cpn-000-002	143.09
cpn-000-003	NA
cpn-000-004	99.3266666666667
cpn-000-005	97.73
cpn-000-006	122.13
cpn-000-008	134.9
cpn-000-010	148.63
cpn-000-012	75.82
cpn-000-015	105.95
cpn-000-017	134.715
cpn-000-018	106.725
cpn-000-019	106.04
cpn-000-020	134.01
cpn-000-021	90.62
cpn-000-024	158.06
cpn-000-025	124.58
cpn-000-026	137.825
cpn-000-027	NA
cpn-000-030	114.33
cpn-000-031	144.09
cpn-000-032	151.17
cpn-000-033	NA
cpn-000-034	113.955
cpn-000-035	123.22
cpn-000-036	NA
cpn-000-038	120.605
cpn-000-039	110.81
cpn-000-040	142.67
cpn-000-043	149.58
cpn-000-044	111.33
cpn-000-046	97.365
cpn-000-047	119.985
cpn-000-049	NA
cpn-000-050	134.495
cpn-000-051	94.61
cpn-000-052	100.245
cpn-000-054	154.36
cpn-000-055	207.48
cpn-000-056	102.75
cpn-000-057	127.39
cpn-000-058	179.73
cpn-000-059	78.85
cpn-000-060	100.685
cpn-000-061	NA
cpn-000-063	94.17
cpn-000-064	108.72
cpn-000-066	79.47
dag-000-000	143.09
dag-000-001	NA
dag-000-002	105.675
dag-000-003	109.43
dag-000-005	114.52
dag-000-006	114.6
dag-000-007	108.395
dag-000-008	116.605
dag-000-009	107.33
dag-000-010	111.453333333333
dag-000-011	110.61
dag-000-012	103.105
dag-000-013	120.275
dag-000-014	112.955
dag-000-015	110.025
dag-000-016	112.465
dag-000-017	119.1
dag-000-018	112.23
dag-000-020	110.2
dag-000-021	123.76
dag-000-022	107.88
dan-001-000	248.56
dan-001-001	289.51
dan-001-003	241.79
dan-001-004	254.47
dan-001-006	235.38
dan-001-010	237.99
dan-001-013	223.2
dan-001-014	232.36
dan-001-016	226.81
dan-001-017	240.41
dan-001-018	246.55
dan-001-019	234
dan-001-021	248.92
dan-001-027	345.26
dan-001-029	258.2
dan-001-030	283.16
dan-001-032	292.95
dan-001-033	220.81
dan-001-034	245.99
dan-001-035	NA
dan-001-036	258.34
dan-001-038	235.65
dan-001-039	219.4
dan-001-040	236.76
dan-001-046	230.785
dan-001-048	252.15
dan-001-049	313.17
dan-001-053	221.94
dan-001-056	NA
dan-001-057	284.21
dan-001-058	269.68
dan-001-061	262.87
dan-001-064	241.18
dan-001-065	255.68
dan-001-066	264.11
dan-001-067	274.15
dan-001-068	254.485
dan-001-069	293.21
dan-001-070	258.43
dan-001-071	234.695
dan-001-072	262.44
dan-001-073	235.21
dan-001-074	290.25
dan-001-075	274.37
dan-001-076	230.48
dan-001-077	236.04
dan-001-078	217.28
dan-001-085	324.89
deg-004-000	162.2
deg-004-001	128.79
deg-004-005	158.33
deg-004-006	133.52
deg-004-007	129.5
deg-004-008	136.39
deg-004-009	135.27
deg-004-010	144.216666666667
deg-004-011	139.365
deg-004-012	121.26
deg-004-013	125.33
deg-004-014	116.915
deg-004-015	NA
deg-004-016	132.465
deg-004-017	120.01
deg-004-018	132.23
deg-004-019	125.325
deg-004-020	177.65
deg-004-021	130.15
deg-004-022	120.75
deg-004-023	126.81
deg-004-024	125.74
deg-004-025	157.75
deg-004-026	139.26
deg-004-027	132.16
deg-004-028	128.555
deg-004-029	NA
deg-004-030	142.48
deg-004-031	131.5
deg-004-032	124.745
deg-004-033	124.43
deg-004-034	124.303333333333
deg-004-035	149.52
deg-004-036	134.325
deg-004-037	131.985
deg-004-038	131.82
dyo-001-000	144.875
dyo-001-001	135.596666666667
dyo-001-002	151.915
dyo-001-003	133.303333333333
dyo-001-004	133.02
dyo-001-005	152.013333333333
dyo-001-006	160.805
dyo-001-007	152.605
dyo-001-008	135.255
dyo-001-009	164.56
dyo-001-010	135.366666666667
dyo-001-013	166.075
dyo-001-014	141.74
dyo-001-015	158.17
dyo-001-016	146.84
dyo-001-017	151.245
dyo-001-018	170.14
dyo-001-019	161.65
dyo-001-020	155.92
dyo-001-021	158.36
dyo-001-023	151.756666666667
dyo-001-024	154.59
dyo-001-025	151.06
dyo-001-026	152.26
dyo-001-027	170.17
dyo-001-028	153.36
dyo-001-029	158.63
dyo-001-030	146.956666666667
dyo-001-031	171.49
efi-000-000	111.615
efi-000-001	120.515
efi-000-002	129.305
efi-000-003	125.785
efi-000-004	132.626666666667
efi-000-005	127.775
efi-000-006	120.19
efi-000-007	153.135
efi-000-008	144.05
efi-000-009	125.71
efi-000-010	153.635
efi-000-011	133.56
efi-000-013	168.14
efi-000-014	114.61
efi-000-015	155.955
efi-000-016	164.77
efi-000-020	158.805
efi-000-021	114.07
efi-000-022	144.745
efi-000-024	137.105
efi-000-025	NA
efi-000-026	152.84
efi-000-027	165.76
efi-000-028	116.02
efi-000-029	164.4
efi-000-030	162.9
efi-000-031	141.025
efi-000-032	173.565
efi-000-035	162.09
efi-000-037	108.49
efi-000-039	179.07
efi-000-043	167.95
efi-000-044	119.43
efi-000-045	107.49
efi-000-047	130.95
efi-000-048	169.14
efi-000-053	161.89
ell-005-001	194.99
ell-005-002	192.893333333333
ell-005-003	184.976666666667
ell-005-004	188.24
ell-005-006	171.765
ell-005-007	196.675
ell-005-008	195.14
ell-005-009	186
ell-005-010	215.585
ell-005-011	201.035
ell-005-013	219.54
ell-005-014	172.19
ell-005-016	156.15
ell-005-017	244.52
ell-005-019	200.61
ell-005-020	190.716666666667
ell-005-021	192.17
ell-005-022	208.34
ell-005-023	202.65
ell-005-026	218.88
ell-005-027	211.555
ell-005-028	262.4
ell-005-029	161.52
ell-005-030	224.89
ell-005-031	181.623333333333
ell-005-032	200.11
ell-005-033	195.855
ell-005-035	202.66
ell-005-036	229.525
ell-005-037	193.855
ell-005-038	217.49
ell-005-040	209.84
ell-005-041	179.9
ell-005-042	229.655
ell-005-043	178.95
ell-005-044	221.82
ell-005-045	185.106666666667
ell-005-047	189.82
ell-005-048	191.14
ell-005-049	179.75
ell-005-050	201.37
ell-005-051	181.82
ell-005-052	228.86
ell-005-053	195
ell-005-055	217.37
ema-000-000	118.985
ema-000-003	136.38
ema-000-004	129.205
ema-000-005	126.665
ema-000-008	132.08
ema-000-011	138.05
ema-000-013	136.42
ema-000-017	108.37
ema-000-018	105.76
ema-000-019	117.05
ema-000-020	142.92
ema-000-021	129.43
ema-000-022	117.26
eus-001-001	NA
eus-001-002	153.27
eus-001-003	127.63
eus-001-004	155.435
eus-001-005	170.58
eus-001-006	146.435
eus-001-007	121.663333333333
eus-001-008	158.985
eus-001-009	149.19
eus-001-010	120.456666666667
eus-001-011	143.1775
eus-001-012	147.06
eus-001-014	NA
eus-001-015	NA
eus-001-016	119.796666666667
eus-001-018	127.476666666667
eus-001-019	146.39
eus-001-020	131.05
eus-001-021	147.6
eus-001-025	128.59
eus-001-026	133.31
eus-001-027	156.363333333333
eus-001-028	123.775
eus-001-029	195.59
eus-001-030	140.64
eus-001-031	166.005
eus-001-032	131.45
eus-001-033	NA
eus-001-034	145.265
eus-001-035	128.82
eus-001-036	134.6
eus-001-037	124.77
eus-001-038	170.365
eus-001-039	132.2025
eus-001-040	175.12
eus-001-041	127.68
eus-001-042	212.67
eus-001-043	115.62
eus-001-044	156.416666666667
eus-001-047	176.9
ewe-001-000	NA
ewe-001-002	110.66
ewe-001-003	136.01
ewe-001-004	137.38
ewe-001-005	107.05
ewe-001-006	142.11
ewe-001-009	152.71
ewe-001-012	142.41
ewe-001-013	143.98
ewe-001-014	146
ewe-001-016	111.17
ewe-001-025	148.27
ewe-001-026	148.13
ewe-001-027	148.75
ewe-001-031	161.74
ewe-001-032	106.46
ewe-001-035	130.42
ewe-001-050	158.13
ewe-001-051	161.59
ffm-001-000	131.475
ffm-001-001	132.325
ffm-001-002	128.006666666667
ffm-001-003	145.13
ffm-001-004	148.88
ffm-001-005	128.803333333333
ffm-001-006	173.806666666667
ffm-001-007	NA
ffm-001-008	136.425
ffm-001-009	159.886666666667
ffm-001-010	152.335
ffm-001-011	120.945
ffm-001-012	133.116666666667
ffm-001-013	150.17
ffm-001-014	144.84
ffm-001-015	145.975
ffm-001-016	151.175
ffm-001-017	NA
ffm-001-018	NA
ffm-001-019	145.896666666667
ffm-001-020	NA
ffm-001-021	NA
ffm-001-022	NA
ffm-001-023	NA
ffm-001-024	113.265
ffm-001-025	139.16
ffm-001-026	118.93
ffm-001-027	124.81
ffm-001-028	148.166666666667
ffm-001-030	NA
ffm-001-031	181.776666666667
fin-002-000	208.285
fin-002-001	229.27
fin-002-002	184.695
fin-002-003	230.44
fin-002-004	223.97
fin-002-005	151.96
fin-002-006	176.815
fin-002-007	160.92
fin-002-008	193.93
fin-002-009	198.22
fin-002-010	186.34
fin-002-011	181.86
fin-002-012	188.74
fin-002-013	154.13
fin-002-014	119.44
fin-002-015	197.44
fin-002-018	76.95
fin-002-019	167.19
fin-002-020	NA
fin-002-022	184.97
fin-002-023	218.7
fin-002-024	144.46
fin-002-025	196.965
fin-002-026	152.793333333333
fin-002-027	149.325
fin-002-028	146.34
fin-002-030	NA
fin-002-031	NA
fin-002-032	NA
fin-002-033	NA
fin-002-034	182.49
fin-002-035	145.35
fin-002-037	199.34
fin-002-038	NA
fin-002-039	NA
fin-002-041	143.686666666667
fin-002-042	174.29
fin-002-043	152.14
fin-002-045	NA
fin-002-046	NA
fin-002-047	179.39
fin-002-048	154.71
fin-002-049	NA
fin-002-050	NA
fin-002-051	NA
fin-002-052	150.31
fin-002-053	NA
fin-002-054	NA
fin-002-055	NA
fin-002-056	NA
fin-002-057	154.75
fin-002-058	199.315
fin-002-059	199.2
fin-002-060	NA
fin-002-065	217.57
fin-002-066	176.82
fin-002-067	182.65
fin-002-068	142.32
fin-002-069	209.41
fin-002-070	220.09
fin-002-071	158.175
fin-002-072	223.625
fin-002-073	255.65
fin-002-074	193.01
fin-002-075	220.38
fin-002-078	166.91
fin-002-079	266.4
fin-002-080	208.85
fin-002-081	NA
fin-002-083	184.79
fin-002-084	213.82
fin-002-085	193.085
fin-002-086	214.38
fin-002-087	189.52
fin-002-088	170.365
fin-002-091	182.67
fin-002-093	243.6
fin-002-094	163.435
fin-002-096	NA
fin-002-097	215.57
fin-002-098	213.36
fin-002-099	205.49
fin-002-100	168.97
fin-002-101	NA
fin-002-102	NA
fin-002-103	167.102
fin-002-104	NA
fin-002-105	NA
fin-002-107	175.195
fin-002-112	246.02
fin-002-113	182.47
fin-002-118	236.01
fin-002-120	NA
fin-002-121	NA
fin-002-122	190.67
fin-002-124	259.376
fin-002-125	150.97
fub-000-000	95.225
fub-000-001	85.765
fub-000-002	92.06
fub-000-003	NA
fub-000-004	88.19
fub-000-005	NA
fub-000-006	92.385
fub-000-007	89.665
fub-000-008	95.455
fub-000-009	88.105
fub-000-010	88.705
fub-000-011	85.905
fub-000-012	93.22
fub-000-013	95.435
fub-000-014	101.38
fub-000-015	92.69
fub-000-016	90.62
fub-000-017	NA
fub-000-018	90.305
fub-000-019	94.145
fub-000-020	94.925
fub-000-021	NA
fub-000-022	NA
gaa-001-000	117.41
gaa-001-001	117.53
gaa-001-002	NA
gaa-001-006	NA
gaa-001-008	NA
gaa-001-009	NA
gaa-001-011	129.11
gaa-001-012	104.02
gaa-001-014	106.18
gaa-001-015	153.64
gaa-001-016	105.45
gaa-001-018	NA
gaa-001-020	NA
gaa-001-021	130.5
gaa-001-022	NA
gaa-001-024	131.183333333333
gaa-001-025	135.7
gaa-001-027	140.73
gaa-001-028	149.83
gla-006-005	126.935
gla-006-006	106.36
gla-006-007	101.65
gla-006-009	111.7
gla-006-010	123.85
gla-006-019	108.5
gla-006-021	123.96
gla-006-025	97.51
gla-006-028	99.82
gla-006-029	133.41
gla-006-034	137.15
gla-006-036	NA
gla-006-038	122.89
guj-000-000	214.41
guj-000-001	219.25
guj-000-004	222.3
guj-000-005	210.63
guj-000-006	229.76
guj-000-007	221.33
guj-000-008	215.07
guj-000-009	227.55
guj-000-010	252.25
guj-000-011	259.13
guj-000-012	242.66
guj-000-013	232.595
guj-000-014	219.38
guj-000-015	218.74
guj-000-016	204.75
guj-000-017	205.63
guj-000-018	215.75
guj-000-023	236.16
guj-000-024	224.25
guj-000-027	244.91
guj-000-028	240.48
guj-000-030	243.085
guj-000-031	231.57
guj-000-032	225.58
guj-000-033	231.06
guj-000-034	220.59
guj-000-035	235.48
guj-000-036	237.555
guj-000-037	218.99
guj-000-038	230.59
guj-000-039	231.14
guj-000-040	224.2
guj-000-041	227.79
guj-000-042	233.08
guj-000-043	261.07
guj-000-044	250.05
guj-000-049	218.17
guj-000-051	221.77
guj-000-052	236.11
guj-000-055	223.96
gwx-000-000	90.58
gwx-000-001	111.33
gwx-000-002	102.11
gwx-000-003	93.01
gwx-000-004	123.19
gwx-000-005	92.28
gwx-000-006	95.415
gwx-000-007	NA
gwx-000-008	104.7
gwx-000-009	83.06
gwx-000-010	NA
gwx-000-011	104.225
gwx-000-012	113.95
gwx-000-014	106.85
gwx-000-015	NA
gwx-000-016	104.65
gwx-000-018	108.28
gwx-000-019	98.26
gwx-000-020	85.58
gwx-000-021	124.85
hak-000-001	132.2
hak-000-003	128.17
hak-000-004	126.54
hak-000-011	NA
hak-000-012	NA
hak-000-017	141.44
hak-000-018	142.195
hak-000-019	142.78
hak-000-020	125.59
hak-000-023	138.17
hak-000-024	139.84
hak-000-025	132.025
hak-000-026	137.87
hak-000-028	140.916666666667
hak-000-029	146.35
hak-000-033	146.66
hak-000-036	134.9
hak-000-037	NA
hak-000-038	143.53
hak-000-039	NA
hak-000-040	146.535
hak-000-041	136.933333333333
hak-000-042	138.41
hak-000-043	128.33
hak-000-044	127.85
hau-010-000	140.89
hau-010-002	117.695
hau-010-003	138.22
hau-010-004	NA
hau-010-005	98.31
hau-010-006	NA
hau-010-007	123.54
hau-010-008	139.4
hau-010-009	117.865
hau-010-010	116.895
hau-010-011	138.14
hau-010-012	128.22
hau-010-013	118.535
hau-010-014	NA
hau-010-015	119.695
hau-010-016	124.145
hau-010-017	114.225
hau-010-018	112.57
hau-010-019	106.215
hau-010-021	138.3575
hau-010-022	128.955
hau-010-024	135.84
hau-010-025	136.625
hau-010-026	138.53
hau-010-027	101.6
hau-010-028	101.34
hau-010-029	105.48
hau-010-030	100.8
hau-010-031	141.45
hau-010-032	112.44
hau-010-036	NA
hau-010-037	139.275
hau-010-040	140.336666666667
hau-010-041	143.605
hau-010-043	148.12
hau-010-044	143.435
hau-010-047	NA
hau-010-049	264.625
hau-010-050	263.885
hau-010-052	190.08
hau-010-053	175.43
hau-010-054	120.49
hau-010-055	193.24
hau-010-056	NA
hau-010-060	167.955
hau-010-061	175.3325
hau-010-062	159.305
hau-010-064	171.48
hau-010-066	197.65
hau-010-067	161.165
hau-010-068	135.16
hau-010-070	173.49
hau-010-072	197.13
hau-010-075	183.81
haw-000-001	NA
haw-000-002	185.45
haw-000-012	86.9
haw-000-013	203.48
haw-000-014	201.64
haw-000-015	236.02
haw-000-016	189.88
haw-000-017	174.3
haw-000-018	231.85
haw-000-019	NA
haw-000-020	193.99
haw-000-021	187.03
haw-000-022	204.33
haw-000-023	80.45
haw-000-024	158.96
haw-000-025	279.32
haw-000-026	223.39
haw-000-027	158.93
haw-000-030	154.655
haw-000-032	180.865
haw-000-033	182.58
haw-000-034	175.25
haw-000-035	190.4425
haw-000-037	150.23
haw-000-038	206.055
haw-000-039	212.03
haw-000-042	NA
haw-000-043	229.495
haw-000-044	218.785
haw-000-046	222.47
haw-000-047	213.54
haw-000-048	176.055
haw-000-049	183.45
haw-000-050	188.79
haw-000-051	234.72
haw-000-052	196.58
haw-000-053	250.84
haw-000-054	233.08
haw-000-055	251.175
haw-000-056	202.5
haw-000-057	NA
haw-000-058	183.38
haw-000-060	184.69
haw-000-061	NA
haw-000-062	192.005
haw-000-063	185.72
haw-000-064	179.61
haw-000-066	202.8
haw-000-068	214.18
heb-002-000	209.645
heb-002-001	200.045
heb-002-002	207.22
heb-002-003	199.88
heb-002-004	205.48
heb-002-005	198.14
heb-002-006	194.52
heb-002-007	199.18
heb-002-008	201.815
heb-002-010	201.055
heb-002-011	200.16
heb-002-016	204.89
heb-002-017	177.86
heb-002-019	206.22
heb-002-021	204.31
heb-002-023	205.13
heb-002-024	247.5
heb-002-026	222.895
heb-002-027	218.3
heb-002-034	224.69
heb-002-036	201.56
heb-002-037	211.415
heb-002-038	188.19
heb-002-039	196.705
heb-002-040	156.945
heb-002-041	205.92
heb-002-044	200.46
heb-002-045	197.015
heb-002-048	200.805
heb-002-049	195.745
heb-002-050	211.56
heb-002-051	203.195
heb-002-060	198.885
heb-002-063	210.95
hil-000-000	121.84
hil-000-001	127.06
hil-000-002	124.21
hil-000-003	127.83
hil-000-004	119.51
hil-000-005	122.255
hil-000-006	115.786666666667
hil-000-007	114.99
hil-000-008	115.18
hil-000-009	NA
hil-000-010	NA
hil-000-011	NA
hil-000-012	121.105
hil-000-013	NA
hil-000-014	116.87
hil-000-015	116.48
hil-000-016	NA
hil-000-017	126.705
hil-000-018	113.8
hil-000-019	NA
hil-000-020	116.77
hil-000-021	140.63
hil-000-022	123.995
hil-000-023	102.98
hil-000-026	120.863333333333
hil-000-027	NA
hil-000-028	NA
hil-000-029	123.375
hil-000-030	137.42
hil-000-032	NA
hil-000-033	121.375
hil-000-035	115.385
hil-000-036	121.79
hil-000-037	106.62
hil-000-039	109.24
hil-000-041	112.696666666667
hil-000-042	131.17
hil-000-044	127.973333333333
hil-000-045	117.316666666667
hil-000-046	116.08
hil-000-047	114.66
hil-000-048	125.7225
hil-000-049	122.988
hil-000-050	117.95
hil-000-051	132.35
hil-000-052	NA
hil-000-053	116.775
hil-000-056	109.245
hil-000-059	270.495
hin-008-000	131.02
hin-008-001	170.77
hin-008-002	121.38
hin-008-003	127.33
hin-008-004	126.32
hin-008-008	115.83
hin-008-009	NA
hin-008-010	132.685
hin-008-011	121.63
hin-008-012	131.8
hin-008-013	80.85
hin-008-015	140.29
hin-008-016	100.95
hin-008-018	173.85
hin-008-020	173.35
hin-008-022	129.31
hin-008-026	156.42
hin-008-027	100.43
hin-008-028	128.67
hin-008-029	135.52
hin-008-032	132.04
hin-008-034	156.73
hin-008-035	81.33
hin-008-036	123.88
hin-008-037	119.13
hin-008-038	124.72
hin-008-039	126.04
hin-008-040	124.8
hin-008-041	122.19
hin-008-042	128.86
hin-008-043	127.06
hin-008-044	97.39
hin-008-046	109.16
hin-008-047	NA
hin-008-048	126.47
hin-008-049	108.77
hin-008-052	154.82
hin-008-053	141.35
hin-008-056	135.183333333333
hin-008-057	NA
hin-008-064	160.31
hin-008-065	NA
hin-008-066	128.23
hin-008-067	114.37
hin-008-068	146.93
hin-008-069	155.09
hin-008-070	131.8
hin-008-071	119.94
hin-008-072	142.66
hin-008-076	137.98
hin-008-077	98.81
hni-000-000	96.22
hni-000-001	120.78
hni-000-002	130.8
hni-000-003	143.51
hni-000-008	156.98
hni-000-009	156.71
hni-000-010	156.43
hni-000-011	158.28
hni-000-014	162.19
hni-000-015	162.91
hni-000-016	119.16
hni-000-017	182.97
hni-000-019	184.26
hni-000-021	163.995
hrv-001-000	NA
hrv-001-001	98.17
hrv-001-002	94.92
hrv-001-003	100.03
hrv-001-006	106.17
hrv-001-009	107.92
hrv-001-010	98.51
hrv-001-011	93.295
hrv-001-012	88.51
hrv-001-013	96.77
hrv-001-014	99.19
hrv-001-015	104.54
hrv-001-016	89.385
hrv-001-017	86.915
hrv-001-018	87.23
hrv-001-019	103.74
hrv-001-020	97.7
hrv-001-021	78.06
hrv-001-022	95.11
hrv-001-023	95.87
hrv-001-024	84.64
hrv-001-026	100.01
hrv-001-027	100.43
hrv-001-028	122.03
hrv-001-029	93.72
hrv-001-031	88.94
hrv-001-032	96.01
hrv-001-033	99.01
hrv-001-034	86.87
hrv-001-035	82.18
hrv-001-036	116.02
hrv-001-037	104.56
hrv-001-038	91.16
hrv-001-039	94.77
hrv-001-040	86.88
hrv-001-041	94.27
hrv-001-042	144.86
hrv-001-043	120.905
hrv-001-044	96.915
hrv-001-045	106.793333333333
hrv-001-046	97.935
hrv-001-047	93.85
hrv-001-048	94.955
hrv-001-050	99.3
hrv-001-051	97.76
hrv-001-052	105.3
hrv-001-056	110.255
hrv-001-058	90.06
hrv-001-059	83.84
hrv-001-060	100.39
hrv-001-062	92.63
hrv-001-064	101.9
hrv-001-065	99.75
hrv-001-066	96.83
hrv-001-067	97.96
hrv-001-068	95.865
hrv-001-071	87.865
hrv-001-072	92.915
hrv-001-073	94.9
hrv-001-075	95.25
hrv-001-076	99.46
hrv-001-077	87.38
hrv-001-081	NA
hun-001-028	138.7
hun-001-030	126.56
hun-001-031	105.48
hun-001-050	131.59
hun-001-051	129.97
hun-001-058	133.89
hun-001-059	128.24
hun-001-062	125.52
hun-001-063	131.74
hun-001-065	132.56
hun-001-082	128.1
hun-001-083	132.45
hun-001-091	121.81
hun-001-096	133.86
hun-001-106	131.37
hun-001-108	131.45
hun-001-109	131.78
hun-001-110	132.01
hun-001-112	127.32
hun-001-116	129.32
hun-001-117	121.51
hun-001-118	124.29
hun-001-119	125.76
hun-001-122	128.92
hun-001-123	134.84
hun-001-124	130.14
hun-001-125	129.95
hun-001-126	120.23
hun-001-128	125.19
hun-001-129	129.01
hun-001-131	132.32
hun-001-135	132.51
hun-001-136	116.99
hye-008-000	225.85
hye-008-002	192.23
hye-008-004	213.15
hye-008-005	206.38
hye-008-006	207.93
hye-008-007	205.81
hye-008-008	173.57
hye-008-011	210.12
hye-008-012	197.91
hye-008-013	213.3
hye-008-014	215.06
hye-008-015	194.63
hye-008-016	188.07
hye-008-017	184.7
hye-008-018	184.505
hye-008-019	192.24
hye-008-020	207.56
hye-008-022	194.02
hye-008-023	191.22
hye-008-024	195.46
hye-008-025	188.17
hye-008-026	186.88
hye-008-027	189.615
hye-008-028	194.28
hye-008-029	186.31
hye-008-033	192.81
hye-008-034	185.23
hye-008-035	189.11
hye-008-036	188.49
hye-008-038	182.61
hye-008-039	187.71
hye-008-040	192.82
hye-008-041	190.815
hye-008-042	195.13
hye-008-046	190.47
hye-008-047	192.37
hye-008-048	187.18
hye-008-049	184.62
hye-008-053	193.44
hye-008-054	193.62
hye-008-055	194.965
hye-008-056	197.013333333333
hye-008-058	201.66
hye-008-059	194.4
hye-008-060	188.11
hye-008-063	200.53
hye-008-064	208.04
hye-008-065	199.25
hye-008-066	192.83
hye-008-067	196.56
hye-008-069	201.92
hye-008-070	192.26
hye-008-071	191.96
hye-008-072	191.965
hye-008-074	219.59
hye-008-075	156.72
ibb-009-000	129.76
ibb-009-002	145.715
ibb-009-003	125.935
ibb-009-004	118.075
ibb-009-005	143.92
ibb-009-006	NA
ibb-009-007	149.316666666667
ibb-009-008	156.135
ibb-009-009	142.08
ibb-009-010	163.0175
ibb-009-012	152.44
ibb-009-018	183.66
ibb-009-019	171.326666666667
ibb-009-021	137.86
ibb-009-022	157.05
ibb-009-023	151.075
ibb-009-024	144.995
ibb-009-025	164.09
ibb-009-026	138.345
ibb-009-028	161.206666666667
ibb-009-036	102.37
ibb-009-039	102.67
ibb-009-041	170.42
ibb-009-044	155.686666666667
ibb-009-045	150.54
ibb-009-046	154.57
ibb-009-051	163.06
ibb-009-053	171.06
ibb-009-055	159.32
ibb-009-056	175.06
ibb-009-058	145.12
ibb-009-060	167.915
ibb-009-061	158.38
ibb-009-066	168.05
ibo-008-000	111.42
ibo-008-001	106.985
ibo-008-002	121.35
ibo-008-004	116.13
ibo-008-007	115.85
ibo-008-008	119.37
ibo-008-009	131.78
ibo-008-010	124.22
ibo-008-011	129.35
ibo-008-013	119.58
ibo-008-014	120.53
ibo-008-016	119.816666666667
ibo-008-017	118.17
ibo-008-018	122.54
ibo-008-019	122.675
ibo-008-021	118.23
ibo-008-022	125.335
ibo-008-024	116.36
ibo-008-025	125.21
ibo-008-026	133.78
ibo-008-027	115.985
ibo-008-028	114.855
ibo-008-029	119.965
ibo-008-031	116.88
ibo-008-032	120.5
ibo-008-033	133.72
ibo-008-034	125.45
ibo-008-035	133.42
ibo-008-036	116.24
ibo-008-037	122.615
ibo-008-038	131.195
ibo-008-039	122.925
ibo-008-040	130.27
ibo-008-042	113.91
ibo-008-045	124.44
ibo-008-046	114.54
ibo-008-047	126.45
ibo-008-048	114.15
ibo-008-049	125.87
ibo-008-051	124.85
ibo-008-052	138.06
ibo-008-055	91.9
ibo-008-056	101.16
idu-003-000	NA
idu-003-001	205.596666666667
idu-003-002	195.093333333333
idu-003-003	227.725
idu-003-004	192.16
idu-003-005	185.81
idu-003-006	173.58
idu-003-007	234.77
idu-003-010	222.45
idu-003-012	221.34
idu-003-014	149.06
idu-003-015	193.27
idu-003-016	235.745
idu-003-018	260.82
idu-003-019	253.833333333333
idu-003-022	237.35
idu-003-023	182.56
idu-003-024	240.8
idu-003-025	230.56
idu-003-026	250.91
idu-003-029	184.21
idu-003-030	182.57
idu-003-031	212.7
idu-003-032	242.93
idu-003-033	189.345
idu-003-035	159.27
idu-003-036	226.305
idu-003-039	224.936666666667
idu-003-040	213.06
idu-003-041	188.405
idu-003-042	248.36
idu-003-043	165.385
idu-003-045	225.316666666667
idu-003-046	189.46
idu-003-047	206.71
idu-003-049	252.13
idu-003-050	207.485
idu-003-051	191
idu-003-052	223.775
idu-003-054	247.783333333333
idu-003-055	147.29
ilo-000-000	269.49
ilo-000-001	267.57
ilo-000-003	260.37
ilo-000-004	248.495
ilo-000-006	251.075
ilo-000-007	273.63
ilo-000-008	228.55
ilo-000-009	249.085
ilo-000-010	260.335
ilo-000-011	219.48
ilo-000-012	298.48
ilo-000-013	272.395
ilo-000-014	246.47
ilo-000-015	278.765
ilo-000-016	244.06
ilo-000-017	234.64
ilo-000-018	268.536666666667
ilo-000-019	237.46
ilo-000-020	261.885
ilo-000-021	230.3
ilo-000-022	302.545
ilo-000-023	234.845
ilo-000-024	245.67
ilo-000-025	264
ilo-000-026	265.345
ilo-000-028	277.79
ilo-000-030	186.375
ilo-000-031	254.025
ilo-000-032	250.065
ilo-000-033	241.335
ilo-000-034	222.47
ilo-000-035	251.405
ilo-000-036	252.126666666667
ilo-000-037	236.72
ilo-000-038	179.92
ilo-000-039	232.16
ilo-000-040	254.77
ilo-000-041	243.09
ilo-000-042	247.5
ilo-000-043	221.84
ilo-000-044	238.94
ilo-000-045	243.35
ilo-000-046	246.775
ilo-000-047	264.305
ilo-000-048	233.33
ilo-000-049	231.38
ilo-000-050	250.91
ilo-000-051	240.22
ilo-000-052	262.47
ilo-000-053	264.77
ilo-000-054	262.006666666667
ilo-000-055	243.305
ilo-000-056	250.615
ilo-000-057	217.013333333333
ilo-000-058	262.59
ilo-000-059	257.36
ilo-000-060	235.24
ilo-000-061	259.5
ilo-000-062	236.06
ilo-000-063	265.09
ilo-000-064	226.485
ilo-000-065	284.06
ilo-000-066	229.82
ilo-000-068	253.44
ilo-000-069	248.7
ilo-000-071	274.255
ilo-000-072	252.83
ilo-000-073	234.76
ilo-000-077	273.226666666667
ilo-000-078	279.896666666667
ilo-000-079	278.693333333333
ilo-000-080	177.615
ilo-000-081	219.38
ilo-000-082	250.08
ilo-000-083	214.64
ilo-000-084	228.78
ilo-000-085	222.465
ilo-000-086	250.36
ilo-000-087	244.38
ilo-000-089	235.563333333333
ilo-000-090	226.89
ilo-000-092	230.265
ilo-000-093	237.11
ilo-000-094	233.17
ilo-000-095	277.1
ilo-000-096	217.77
isl-001-000	116.52
isl-001-001	99.8
isl-001-004	89.9
isl-001-005	97.12
isl-001-007	99.4
isl-001-009	107.28
isl-001-010	104.93
isl-001-011	100.89
isl-001-013	105.12
isl-001-014	448.72
isl-001-015	96.59
isl-001-016	113.74
isl-001-017	105.65
isl-001-018	104.373333333333
isl-001-019	102.35
isl-001-020	107.476666666667
isl-001-021	111.305
isl-001-022	112.175
isl-001-023	123.32
isl-001-024	111.643333333333
isl-001-025	115.875
isl-001-028	110.825
isl-001-029	102.055
isl-001-032	105.14
isl-001-033	105
isl-001-034	105.78
isl-001-035	118.22
isl-001-038	120.855
isl-001-039	125.33
isl-001-040	131.61
isl-001-041	137.9
isl-001-042	120.5
isl-001-043	128.57
isl-001-044	108.12
isl-001-048	112.36
isl-001-049	484.77
isl-001-050	112.486666666667
isl-001-051	105.55
isl-001-052	103.07
isl-001-053	NA
isl-001-054	109.52
isl-001-055	112.18
isl-001-056	103.56
isl-001-057	100.41
isl-001-058	102.83
isl-001-059	100.93
isl-001-060	99.45
isl-001-061	100.15
isl-001-062	113.89
isl-001-063	116.18
isl-001-064	106.81
isl-001-065	107.87
isl-001-066	108.5
isl-001-075	110.42
isl-001-076	110.97
isl-001-077	112.81
isl-001-078	114.165
isl-001-079	118.485
isl-001-080	105.615
isl-001-081	112.685
isl-001-082	94.01
isl-001-083	114.33
isl-001-087	102.395
isl-001-088	108.265
isl-001-089	101.845
isl-001-090	107.095
isl-001-091	106.945
isl-001-092	115.81
isl-001-093	110.835
isl-001-094	103.72
isl-001-095	108.47
isl-001-096	108.37
isl-001-097	97.895
isl-001-098	106.283333333333
isl-001-099	115.57
isl-001-102	103.535
isl-001-103	NA
isl-001-104	105.38
isl-001-105	119.61
isl-001-106	122.95
isl-001-107	115.78
isl-001-108	133.39
isl-001-109	125.44
isl-001-110	131.46
isl-001-111	116.305
isl-001-113	113.13
isl-001-115	133.57
isl-001-116	101.77
isl-001-117	130.17
isl-001-118	103
isl-001-123	127.02
isl-001-124	120.34
isl-001-125	125.74
isl-001-127	106.63
isl-001-128	122.525
isl-001-130	115.455
isl-001-131	120.13
isl-001-133	110.775
isl-001-134	131.545
isl-001-136	123.925
isl-001-137	119.43
isl-001-138	109.15
isl-001-139	122.56
isl-001-140	107.38
isl-001-141	113.305
isl-001-142	109.81
isl-001-143	127.91
isl-001-144	104.69
isl-001-145	115.56
isl-001-146	117.245
isl-001-148	106.29
isl-001-149	110.656666666667
isl-001-150	118.02
isl-001-151	95.22
isl-001-152	112.555
isl-001-153	99.81
isl-001-154	112.93
isl-001-155	108.1
isl-001-156	102.25
isl-001-157	106.77
isl-001-158	104.71
isl-001-159	103.03
isl-001-161	139.445
isl-001-162	118.77
isl-001-163	108.83
isl-001-164	100.825
isl-001-165	102.57
isl-001-168	107.175
isl-001-169	119.635
isl-001-170	117.99
isl-001-171	110.91
isl-001-172	107.35
isl-001-173	95.88
its-000-000	140.095
its-000-001	116.13
its-000-002	112.885
its-000-003	114.525
its-000-004	114.86
its-000-005	114.37
its-000-006	106.055
its-000-007	109.6
its-000-008	111.625
its-000-009	106.115
its-000-010	112.495
its-000-011	119.99
its-000-012	114.55
its-000-013	113.105
its-000-014	123.25
its-000-015	116.535
its-000-016	110.18
its-000-017	114.31
its-000-018	116.395
its-000-019	116.67
its-000-020	115.66
its-000-021	113.18
kan-000-000	221.48
kan-000-001	219.185
kan-000-002	233.37
kan-000-003	223.8
kan-000-004	271.93
kan-000-005	290.32
kan-000-006	272.62
kan-000-007	245.52
kan-000-008	254.805
kan-000-009	199.265
kan-000-010	247.463333333333
kan-000-011	234.15
kan-000-012	240.79
kan-000-013	218.03
kan-000-014	194.575
kan-000-015	236.565
kan-000-016	241.655
kan-000-017	201.755
kan-000-018	248.67
kan-000-019	208.035
kan-000-020	249.655
kan-000-021	244.545
kan-000-022	260.03
kan-000-023	233.32
kan-000-024	223.07
kan-000-025	242.32
kan-000-026	224.405
kan-000-027	247.866666666667
kan-000-028	262.505
kan-000-029	226.58
kan-000-030	251.495
kan-000-031	237.01
kan-000-032	258.045
kan-000-033	234.94
kan-000-034	247.605
kan-000-035	242.565
kan-000-036	210.86
kan-000-037	210.54
kan-000-038	211.59
kan-000-039	274.75
kan-000-040	253.02
kan-000-041	232.155
kan-000-042	235.815
kan-000-043	257.745
kan-000-044	220.59
kan-000-045	289.61
kan-000-046	173.66
kan-000-049	225.95
kan-000-050	242.5
kan-000-051	210.84
kan-000-052	213.02
kan-000-053	214.466666666667
kan-000-054	252.27
kan-000-055	219.17
kan-000-056	206.275
kan-000-057	253.065
kan-000-059	213.44
kan-000-060	162.15
kan-000-061	236.72
kan-000-062	227.97
kan-000-063	224.06
kan-000-064	253.46
kan-000-065	178.09
kan-000-066	236.155
kan-000-067	228.405
kan-000-068	208.155
kan-000-069	221.55
kan-000-070	236.923333333333
kan-000-071	217.09
kan-000-072	189.22
kan-000-074	230.585
kan-000-075	273.42
kan-000-076	235.97
kan-000-077	230.32
kan-000-078	257.405
kan-000-079	251.4
kan-000-080	222.375
kan-000-081	229.99
kan-000-082	253.415
kan-000-083	196.17
kan-000-084	NA
kan-000-085	227.87
kan-000-086	217.035
kan-000-087	242.875
kea-000-002	NA
kea-000-003	NA
kea-000-006	NA
kea-000-007	NA
kea-000-012	NA
kea-000-013	NA
kea-000-014	NA
kea-000-015	99.12
kea-000-020	NA
kea-000-021	NA
kea-000-022	97.2
kea-000-023	104.39
kea-000-024	105.25
kea-000-025	103.15
kea-000-026	97.98
kea-000-027	97.07
kea-000-028	101.52
kea-000-029	97.24
kea-000-030	NA
kea-000-031	NA
kea-000-032	108.82
kea-000-033	100.68
kea-000-044	100.83
kea-000-045	97.97
kea-000-046	NA
kea-000-047	NA
kea-000-049	NA
kea-000-050	NA
kea-000-051	NA
kea-000-056	104.29
khm-000-008	238.64
khm-000-009	221.71
khm-000-011	256.41
khm-000-014	272.17
khm-000-015	286.49
khm-000-019	240.3
khm-000-025	260.62
khm-000-033	161.3
khm-000-035	237.96
khm-000-037	204.69
khm-000-040	229.14
khm-000-041	236.43
khm-000-044	206.025
khm-000-045	246.66
khm-000-049	172.24
khm-000-052	242.57
khm-000-055	195.81
khm-000-057	199.65
khm-000-059	242.62
khm-000-064	253.83
khm-000-065	238.24
khm-000-068	227.69
khm-000-069	200.885
khm-000-070	202.21
khm-000-071	177.145
khm-000-073	244.89
khm-000-090	210.56
khm-000-092	248.27
khm-000-094	248.74
khm-000-095	195.91
klu-000-000	109.95
klu-000-001	120.99
klu-000-002	103.34
klu-000-003	123.06
klu-000-004	NA
klu-000-005	140.7
klu-000-006	118.75
klu-000-007	116.59
klu-000-008	131.05
klu-000-009	106.6
klu-000-010	104.69
klu-000-011	131.415
klu-000-012	114.18
klu-000-013	128.45
klu-000-014	120.75
klu-000-015	116.11
klu-000-016	117.91
klu-000-017	139.38
klu-000-018	123.79
klu-000-019	NA
klu-000-020	119.93
klu-000-021	105.24
klu-000-022	118.51
klu-000-023	107.9
klu-000-024	116.91
klu-000-025	118.24
klu-000-026	129
klu-000-027	99.37
klu-000-028	129.34
klu-000-029	102.29
klu-000-030	113.8
klu-000-031	125.88
klu-000-032	126.71
klu-000-033	NA
klu-000-034	123
klu-000-035	137.43
klu-000-036	131.19
klu-000-037	126.64
klu-000-038	126.86
klu-000-039	123.23
klu-000-041	NA
klu-000-042	151.41
klu-000-045	141.02
klu-000-046	157.31
klu-000-054	149.51
klu-000-056	157.45
klu-000-060	119.05
klu-000-064	129.22
klu-000-065	128.38
klu-000-066	131.9
klu-000-067	135.94
klu-000-068	135.476666666667
klu-000-069	134.86
klu-000-070	129.21
klu-000-071	NA
knn-000-000	108.205
knn-000-002	123.83
knn-000-003	116.155
knn-000-005	124.77
knn-000-006	106.845
knn-000-007	119.5
knn-000-009	119.255
knn-000-010	153.97
knn-000-011	134.02
knn-000-012	117.295
knn-000-013	127.66
knn-000-014	101.73
knn-000-015	NA
knn-000-016	106.31
knn-000-018	NA
knn-000-019	129.04
knn-000-024	147.09
knn-000-025	152.21
knn-000-026	118.7
knn-000-030	127.24
knn-000-031	170.36
knn-000-032	121.34
knn-000-033	121.96
knn-000-035	153.58
knn-000-036	125.4
knn-000-037	97.2
knn-000-038	158.54
knn-000-039	144.38
knn-000-040	135.8
knn-000-041	130.035
knn-000-043	120.27
knn-000-044	130.36
knn-000-045	169.72
knn-000-046	109.495
knn-000-047	NA
knn-000-048	100
knn-000-049	128.02
knn-000-050	119.58
knn-000-051	109.755
knn-000-052	120.695
knn-000-053	127.63
knn-000-054	120.99
knn-000-056	137.87
knn-000-057	125.19
knn-000-058	110.1
knn-000-059	95.04
knn-000-060	120.465
knn-000-061	119.79
knn-000-062	123.9
knn-000-063	NA
knn-000-064	113.683333333333
knn-000-065	133.11
knn-000-066	121.656666666667
knn-000-067	136.405
knn-000-068	112.376666666667
knn-000-069	121.13
knn-000-070	138.03
knn-000-071	136.09
knn-000-072	136.42
knn-000-073	172.81
knn-000-074	136.91
knn-000-076	143.87
knn-000-077	116.51
knn-000-078	98.34
knn-000-079	131.34
knn-000-080	135.586666666667
knn-000-081	154.81
knn-000-084	112.685
knn-000-085	NA
knn-000-086	129.23
knn-000-090	NA
kri-000-000	115.24
kri-000-001	117.39
kri-000-002	125.57
kri-000-005	107.51
kri-000-006	109.205
kri-000-007	115.41
kri-000-008	99.285
kri-000-009	125.2725
kri-000-011	120.23
kri-000-012	117.92
kri-000-013	115.995
kri-000-014	122.26
kri-000-015	120.93
kri-000-017	130.095
kri-000-018	120.1
kri-000-020	112.4
kri-000-021	107.66
kri-000-022	123.8
kub-000-000	122.91
kub-000-001	150.845
kub-000-002	147.38
kub-000-003	132.845
kub-000-004	136.46
kub-000-005	138.14
kub-000-007	137.94
kub-000-008	125.335
kub-000-011	128.605
kub-000-013	128.275
kub-000-014	156.5
kub-000-015	134.815
kub-000-016	142.035
kub-000-017	159.52
kub-000-018	145.12
kub-000-019	127.415
kub-000-020	130.73
kub-000-021	135.64
kub-000-022	141.375
kub-000-023	121.95
kub-000-024	141.96
kub-000-025	133.875
kub-000-026	123.95
kub-000-027	133.565
kub-000-028	141.71
kub-000-029	151.15
kub-000-032	136.705
kub-000-033	152.545
kub-000-034	143.99
kye-000-001	102.38
kye-000-002	111.36
kye-000-005	102.93
kye-000-006	115.98
kye-000-008	79.97
kye-000-011	103.21
kye-000-013	100.515
kye-000-014	99.56
kye-000-015	116.02
kye-000-016	106.28
kye-000-017	107.44
kye-000-018	94.28
kye-000-020	99.29
kye-000-021	101.79
kye-000-022	115.675
lad-001-000	223.26
lad-001-001	219.66
lad-001-005	216.86
lad-001-008	243.8
lad-001-009	207.926666666667
lad-001-011	233.23
lad-001-012	240.88
lad-001-013	234.09
lad-001-014	245.98
lad-001-016	211.17
lad-001-017	223.29
lad-001-019	178.36
lad-001-020	NA
lad-001-021	271.77
lad-001-022	256.38
lad-001-023	213.93
lad-001-025	177.865
lad-001-026	207.71
lad-001-027	194.133333333333
lad-001-028	186.86
lad-001-029	208.52
lad-001-030	220.12
lad-001-031	216.35
lad-001-032	216.26
lad-001-033	221.11
lad-001-034	217.855
lad-001-035	232.785
lad-001-036	228.25
lad-001-039	296.03
lad-001-040	NA
lad-001-041	248.29
lad-001-043	299.12
lad-001-044	216.01
lad-001-045	213.145
lad-001-047	266.67
lad-001-048	284.99
lad-001-050	241.01
lad-001-051	NA
lad-001-053	259.66
lad-001-056	219.53
lad-001-057	299.79
lad-001-059	263.245
lad-001-060	383.42
lar-000-000	95.9
lar-000-003	110.75
lar-000-004	119.42
lar-000-005	94.14
lar-000-008	92.6933333333333
lar-000-009	94.73
lar-000-010	93.4
lar-000-011	103.2
lar-000-012	107.98
lar-000-014	110.18
lar-000-017	96.68
lar-000-018	102.91
lar-000-020	122.01
lar-000-022	99.74
lar-000-025	NA
lav-000-004	255.72
lav-000-005	248.48
lav-000-006	168.61
lav-000-007	165.11
lav-000-010	203.81
lav-000-013	244.82
lav-000-014	191.315
lav-000-015	189.63
lav-000-016	192.965
lav-000-017	165.43
lav-000-018	217.68
lav-000-019	172.51
lav-000-020	171.35
lav-000-023	212.97
lav-000-024	206.6
lav-000-025	209.145
lav-000-026	216.11
lav-000-027	216.2
lav-000-028	228.15
lav-000-031	175.79
lav-000-032	177.96
lav-000-033	216.22
lav-000-035	219.59
lav-000-036	206.525
lav-000-037	169.47
lav-000-038	174.28
lav-000-040	174.22
lav-000-041	220.29
lav-000-042	188.005
lav-000-044	178.77
lav-000-045	226.48
lav-000-046	203.78
lav-000-047	203.14
lav-000-049	192.005
lav-000-051	234.26
lav-000-052	213.46
lav-000-053	231.24
lav-000-054	222.23
lav-000-055	224.805
lav-000-056	227.08
lav-000-057	267.61
lav-000-058	248.48
lav-000-059	240.27
lav-000-062	214.18
lav-000-066	156.92
lav-000-067	184.933333333333
lav-000-068	183.29
lav-000-069	210.51
lav-000-070	221.35
lav-000-071	240.4475
lav-000-072	219.82
lav-000-074	233.57
lav-000-075	213.775
lav-000-076	187.28
lav-000-077	193.6
led-001-000	109.84
led-001-001	105
led-001-002	105.64
led-001-003	106.39
led-001-004	113.79
led-001-005	107.92
led-001-006	115.39
led-001-007	109.05
led-001-015	105.8
led-001-016	107.62
led-001-017	111.03
led-001-018	111.77
led-001-021	110.36
led-001-022	113.44
lgq-001-002	NA
lgq-001-003	142.73
lgq-001-004	145.05
lgq-001-008	145.73
lgq-001-009	142.31
lgq-001-010	148.41
lgq-001-011	161.505
lgq-001-013	164.06
lgq-001-014	165.99
lgq-001-016	130.62
lgq-001-018	133.14
lgq-001-019	140.685
lgq-001-020	156.87
lgq-001-021	157.2
lgq-001-022	161.785
lgq-001-023	136.96
lgq-001-024	136.98
lgq-001-025	168.77
lgq-001-026	145.87
lit-002-000	NA
lit-002-001	107.62
lit-002-002	NA
lit-002-003	105.755
lit-002-004	135.18
lit-002-005	NA
lit-002-006	156.61
lit-002-008	132.17
lit-002-009	104.73
lit-002-010	125.9
lit-002-011	NA
lit-002-012	141.11
lit-002-013	128.185
lit-002-014	133.76
lit-002-015	146.196666666667
lit-002-016	151.08
lit-002-017	120.986666666667
lit-002-018	122.1
lit-002-019	127.293333333333
lit-002-020	131.45
lit-002-021	122.69
lit-002-022	149.61
lit-002-023	129.835
lit-002-024	134.31
lit-002-025	132.986666666667
lit-002-026	126.785
lit-002-027	139.735
lit-002-029	123.55
lit-002-030	187.44
lit-002-031	135.67
lit-002-032	163.66
lit-002-033	123.53
lit-002-034	135.795
lit-002-035	118.435
lit-002-036	NA
lit-002-037	120.21
lit-002-038	125.06
lit-002-039	104.44
lit-002-040	113.06
lit-002-041	104.78
lit-002-042	128.81
lit-002-043	122.87
lit-002-044	126.956666666667
lit-002-045	115.24
lit-002-046	143.08
lit-002-047	132.393333333333
lit-002-048	137.996666666667
lit-002-049	138.23
lit-002-050	NA
lit-002-051	130.535
lit-002-052	134.543333333333
lit-002-053	166.44
lit-002-054	138.865
lit-002-055	NA
lit-002-056	NA
lit-002-057	190.55
lit-002-058	NA
lit-002-059	135.41
lit-002-060	145.315
lit-002-061	131.82
lit-002-062	139.11
lit-002-063	80.04
lit-002-064	NA
lit-002-065	169.36
lit-002-066	NA
lit-002-067	152.083333333333
lit-002-069	152.953333333333
lit-002-070	156.82
lit-002-072	150.1
lit-002-073	135.673333333333
lit-002-074	150.85
lit-002-075	NA
lit-002-076	117.985
lit-002-077	131.135
lit-002-078	136.81
lit-002-080	149.84
lit-002-082	143.87
lit-002-083	164.685
lit-002-084	179.48
lit-002-085	112.38
lit-002-086	NA
lit-002-087	NA
lit-002-088	125.915
lit-002-089	205.92
lit-002-090	NA
lit-002-091	168.545
lit-002-092	212.313333333333
lit-002-093	136.445
lit-002-094	NA
lit-002-095	161.656666666667
lit-002-096	135.51
lit-002-097	149.403333333333
lit-002-098	139.2875
lit-002-099	NA
lit-002-100	NA
lit-002-101	137.41
lit-002-102	111.34
lit-002-103	NA
lit-002-104	79.42
lit-002-105	NA
lit-002-106	119.98
lit-002-107	161.25
lit-002-108	162.1
lit-002-109	157.473333333333
lit-002-110	NA
lit-002-111	139.75
lit-002-112	NA
lit-002-113	156.06
lit-002-114	154.37
lit-002-115	148.32
lit-002-116	139.075
lit-002-117	164.2
lit-002-118	156.59
lit-002-119	154.025
lit-002-120	155.95
lit-002-121	167.94
lit-002-122	143.44
lit-002-123	NA
lit-002-124	134.5
lit-002-125	158.85
lit-002-126	NA
lit-002-127	155.935
lit-002-128	NA
lit-002-129	153.43
lit-002-130	NA
lit-002-131	156.785
lit-002-132	NA
lit-002-133	199.965
lit-002-134	144.195
lkt-000-002	159.2
lkt-000-003	NA
lkt-000-005	185.56
lkt-000-006	155.13
lkt-000-007	164.69
lkt-000-008	174.975
lkt-000-009	164.975
lkt-000-010	157.845
lkt-000-012	182.6
lkt-000-014	184.42
lkt-000-015	179.35
lkt-000-018	171.83
lkt-000-019	163.485
lkt-000-020	165.2
lkt-000-021	170.03
lkt-000-022	161.2
lkt-000-023	175.38
lkt-000-024	125.36
lkt-000-028	285.44
lkt-000-035	174.24
lkt-000-036	153.19
lkt-000-039	164.976666666667
lkt-000-040	171.38
lkt-000-046	163.73
lkt-000-047	NA
lkt-000-048	183.845
lkt-000-049	169.67
lkt-000-051	127.89
lkt-000-053	212.64
lkt-000-058	175.44
lug-001-000	128.46
lug-001-001	104.4
lug-001-002	117.695
lug-001-003	106.125
lug-001-004	117.76
lug-001-005	NA
lug-001-006	NA
lug-001-007	104.81
lug-001-008	114.74
lug-001-009	101.486666666667
lug-001-010	NA
lug-001-011	NA
lug-001-012	NA
lug-001-013	NA
lug-001-014	108.4
lug-001-015	NA
lug-001-016	121.22
lug-001-017	114.29
lug-001-018	NA
lug-001-020	120.59
lug-001-021	129.19
lug-001-022	NA
lug-001-023	106.566666666667
lug-001-024	107.595
lug-001-025	107.37
lug-001-026	117.296666666667
lug-001-027	108.66
lug-001-028	115.7
lug-001-030	NA
lug-001-031	106.54
lug-001-032	NA
lug-001-033	NA
lug-001-034	121.215
lug-001-035	106.38
lug-001-036	116.243333333333
lug-001-037	115.08
lug-001-038	115.35
lug-001-039	110.355
lug-001-040	127.36
lug-001-041	132.5
lug-001-042	NA
lug-001-043	104.016666666667
lug-001-044	NA
lug-001-045	NA
lug-001-046	109.87
lug-001-047	103.81
lug-001-048	113.266666666667
lug-001-049	108.315
lug-001-050	113.28
lug-001-051	112.503333333333
lug-001-052	112.67
lug-001-053	103.72
lug-001-054	NA
lug-001-055	107.31
lug-001-056	110.905
lug-001-057	110.24
lug-001-058	NA
lug-001-061	NA
lug-001-062	NA
lug-001-063	NA
lug-001-064	NA
lug-001-065	117.54
lug-001-066	130.465
lug-001-067	102.925
mak-000-000	216.27
mak-000-001	206.773333333333
mak-000-002	216.895
mak-000-003	207.76
mak-000-004	226.623333333333
mak-000-005	217.036666666667
mak-000-006	236.38
mak-000-007	205.045
mak-000-009	215.5
mak-000-011	203.08
mak-000-013	219.73
mak-000-014	211.435
mak-000-015	NA
mak-000-020	201.005
mak-000-021	222.32
mak-000-022	196.915
mak-000-023	223.61
mak-000-024	NA
mak-000-025	206.543333333333
mak-000-027	208.065
mak-000-028	NA
mak-000-029	208.098
mak-000-030	191.91
mak-000-031	213.08
mak-000-032	184.355
mak-000-033	NA
mak-000-034	NA
mak-000-035	NA
mak-000-036	NA
mak-000-038	218.695
mak-000-039	148.66
mak-000-040	160.57
mak-000-042	NA
mak-000-044	210.242
mak-000-046	198.066666666667
mak-000-047	199.743333333333
mak-000-048	NA
mak-000-050	210.47
mak-000-051	199.83
mak-000-052	205.88
mak-000-054	195.515
mak-000-055	NA
mak-000-057	205.56
mak-000-058	244.6
mal-001-001	235.5
mal-001-015	308.29
mal-001-020	217.69
mal-001-021	218.97
mal-001-022	225.56
mal-001-023	273.51
mal-001-024	272.96
mal-001-025	288.8
mal-001-026	284.27
mal-001-027	175.85
mal-001-028	235.52
mal-001-029	232.67
mal-001-030	206.39
mlt-000-018	215.29
mlt-000-026	158.27
mlt-000-027	169.52
mlt-000-028	203.58
mlt-000-034	146.585
mlt-000-035	224.93
mlt-000-036	161.09
mlt-000-037	213.08
mlt-000-038	198.295
mlt-000-039	215.22
mlt-000-042	191.105
mlt-000-044	80.98
mlt-000-045	196.825
mlt-000-047	187.1
mlt-000-048	185.15
mlt-000-050	188.63
mlt-000-051	183.22
mlt-000-053	209.515
mlt-000-054	213.36
mlt-000-055	210.7
mlt-000-056	162.795
mlt-000-058	188.04
mlt-000-059	179.72
mlt-000-060	215.53
mlt-000-061	178.38
mlt-000-062	176.32
mlt-000-063	172.24
mlt-000-065	220.4
mlt-000-067	195.215
mlt-000-068	178.335
mlt-000-069	197.5
mlt-000-070	175.185
mlt-000-071	195.075
mlt-000-072	180.59
mlt-000-073	175.54
mlt-000-074	159.18
mlt-000-075	166.69
mlt-000-076	165.7
mlt-000-079	166.405
mlt-000-080	198.03
mlt-000-081	218.985
mlt-000-082	149.305
mlt-000-085	164.82
mlt-000-086	236.58
mlt-000-089	212.19
mlt-000-090	203.08
mlt-000-091	215.33
mlt-000-092	200.515
mlt-000-093	168.45
mlt-000-094	169.4
mlt-000-095	205.51
mlt-000-096	197.7475
mlt-000-097	201.2725
mlt-000-098	176.535
mlt-000-099	179.59
mlt-000-100	162.945
mlt-000-101	171.28
mlt-000-102	168.29
mlt-000-103	165.91
mlt-000-105	223.056666666667
mlt-000-106	204.456666666667
mlt-000-107	206.123333333333
mlt-000-108	195.423333333333
mlt-000-109	180.905
mlt-000-110	178.115
mlt-000-111	175.935
mlt-000-112	172.435
mlt-000-113	161.71
mlt-000-114	171.75
mlt-000-115	166.45
mlt-000-116	165.17
mlt-000-117	231.71
mlt-000-118	191.29
mlt-000-121	193.47
mlt-000-122	198
mlt-000-123	193.105
mlt-000-124	222.18
mlt-000-125	206.47
mlt-000-126	208.29
mlt-000-127	206.97
mlt-000-130	165.46
mlt-000-133	185.495
mlt-000-134	179.3
mlt-000-135	171.72
mya-001-000	129.94
mya-001-001	112.99
mya-001-002	113.37
mya-001-003	113.05
mya-001-006	153.85
mya-001-007	111.99
mya-001-008	115.17
mya-001-009	139.27
mya-001-010	139.34
mya-001-012	115.89
mya-001-013	111.64
mya-001-015	106.63
mya-001-018	152.76
mya-001-021	111.425
mya-001-022	111.33
mya-001-023	156.31
mya-001-024	113.34
mya-001-025	112.46
mya-001-026	119.36
mya-001-028	118.88
mya-001-029	135.33
mya-001-030	114.56
mya-001-032	NA
mya-001-033	113.88
mya-001-034	137.62
mya-001-036	120.79
mya-001-037	107.96
mya-001-039	123.75
mya-001-042	NA
mya-001-043	NA
mya-001-044	108.97
mya-001-045	116.53
mya-001-048	111.615
mya-001-049	124.65
mya-001-051	112.57
mya-001-052	107.91
mya-001-053	110.885
mya-001-054	159.33
mya-001-057	111.53
mya-001-058	129.44
mya-001-060	116.3
mya-001-061	109.24
mya-001-062	109.22
mya-001-063	NA
mya-001-064	114.2
mya-001-065	108.83
mya-001-066	114.16
mya-001-067	112.12
mya-001-069	105.83
mya-001-071	114.85
mya-001-072	103.03
mya-001-074	105.58
mya-001-075	114.91
mya-001-076	NA
mya-001-077	110.82
mya-001-078	108.82
mya-001-079	114.625
mya-001-080	102.39
mya-001-081	115.38
mya-001-082	NA
mya-001-083	116.75
mya-001-084	105.49
mya-001-085	167.47
mya-001-087	114.89
mya-001-088	115.27
mya-001-089	105.48
mya-001-090	115.43
mya-001-091	95.45
mya-001-092	123.77
mya-001-093	114.79
mya-001-094	114.645
mya-001-096	NA
mya-001-098	133.64
mya-001-099	NA
mya-001-100	116.64
mya-001-102	117.59
mya-001-103	155.63
mya-001-105	116.15
mya-001-107	126.79
mya-001-108	123.99
mya-001-109	146.04
mya-001-111	112.05
mya-001-112	109.945
mya-001-113	106.24
mya-001-114	NA
mya-001-115	112.32
mya-001-120	123.28
mya-001-121	114.67
mya-001-122	119.66
mya-001-123	115.08
mya-001-124	116.48
nan-004-002	163.54
nan-004-005	162.57
nan-004-006	205.18
nan-004-007	180.33
nan-004-009	168.21
nan-004-010	215.94
nan-004-011	181.41
nan-004-012	183.39
nan-004-015	185.63
nan-004-016	187.72
nan-004-017	153.64
nan-004-019	166.645
nan-004-020	183.07
nan-004-024	230.16
nan-004-025	151.75
nan-004-027	157.01
nan-004-028	185.93
nan-004-029	196.143333333333
nan-004-030	146.18
nan-004-032	239.58
nan-004-034	218.38
nan-004-035	182.683333333333
nan-004-036	156.2
nan-004-037	186.515
nan-004-039	179.5
nan-004-040	160.12
nan-004-041	164.84
nan-004-044	149.88
nan-004-045	157.85
nan-004-048	186.43
nan-004-053	199.88
nan-004-054	176.76
nan-004-055	170.85
nan-004-056	162.28
nan-004-058	202.61
nan-004-059	147.02
nan-004-060	167.01
nan-004-077	176.18
nan-004-078	216.4
nan-004-079	194.42
nan-004-080	201.51
nan-004-081	166.985
nan-004-082	137.81
nan-004-083	235.2
nan-004-084	190.896666666667
nan-004-085	226.98
nan-004-086	240.853333333333
nan-004-087	195.1
njm-006-006	211.4
njm-006-007	205.41
njm-006-008	194.55
njm-006-009	172.01
njm-006-010	169.5
njm-006-011	164.88
njm-006-013	165.09
njm-006-020	151.02
njm-006-021	189.23
njm-006-024	150.27
njm-006-025	157.09
njm-006-026	203.18
njm-006-027	144.69
njm-006-030	147.51
njm-006-031	146.24
njm-006-032	201.64
njm-006-033	189.43
nld-004-000	93.51
nld-004-001	461.73
nld-004-005	86.26
nld-004-006	104.95
nld-004-007	123.5
nld-004-008	109.61
nld-004-009	NA
nld-004-011	417.46
nld-004-012	463.6
nld-004-013	79.61
nld-004-014	79.08
nld-004-015	NA
nld-004-016	97.03
nld-004-017	NA
nld-004-018	326.48
nld-004-019	182.51
nld-004-021	101.945
nld-004-022	95.375
nld-004-023	96.04
nld-004-024	107.57
nld-004-025	113.86
nld-004-026	104.21
nld-004-027	90.04
nld-004-028	86.94
nld-004-029	98.81
nld-004-031	120.87
nld-004-032	390.6
nld-004-033	106.25
nld-004-034	112.78
nld-004-036	109.77
nld-004-037	115.185
nld-004-040	108.27
nld-004-041	127.14
nld-004-042	108.65
nld-004-046	114.36
nld-004-047	115.73
nld-004-048	102.58
nld-004-052	110.44
nld-004-053	104.95
nld-004-055	100.27
nld-004-058	113.03
nld-004-059	116.45
nld-004-062	119.37
nld-004-064	393.95
nld-004-065	105.06
nld-004-066	99.79
nld-004-068	101.44
nld-004-069	111.68
nld-004-070	94.72
nld-004-074	116.74
nld-004-075	95.425
nld-004-076	113.08
nld-004-077	100.37
nld-004-079	98.1
nld-004-080	108.11
nld-004-081	97.26
nld-004-082	94.41
nld-004-084	132.74
nld-004-086	95.075
nld-004-087	92.97
nld-004-088	107.69
nld-004-089	135.95
nld-004-090	100.82
nld-004-091	201.596666666667
ozm-000-000	184.47
ozm-000-001	176.02
ozm-000-007	167.59
ozm-000-010	118.18
ozm-000-011	150.23
ozm-000-012	161.87
ozm-000-013	149.89
ozm-000-014	115.98
ozm-000-020	188.53
ozm-000-023	189.98
ozm-000-024	178.24
ozm-000-025	162.14
ozm-000-027	194.09
ozm-000-030	186.67
ozm-000-032	157.61
pam-007-000	129.31
pam-007-001	120.61
pam-007-002	121.885
pam-007-003	128.98
pam-007-004	97.58
pam-007-005	140.26
pam-007-006	111.6
pam-007-007	NA
pam-007-008	112.18
pam-007-009	130.95
pam-007-010	123.19
pam-007-011	126.783333333333
pam-007-012	117
pam-007-013	125.2
pam-007-014	NA
pam-007-015	146.255
pam-007-016	102.93
pam-007-017	159.51
pam-007-018	NA
pam-007-019	141.78
pam-007-020	131.055
pam-007-021	NA
pam-007-022	152.44
pam-007-023	133.445
pam-007-024	152.41
pam-007-025	146.7
pam-007-026	132.22
pam-007-027	128.545
pam-007-028	NA
pam-007-030	133.8
pam-007-031	145.41
pam-007-032	124.435
pam-007-033	120.253333333333
pam-007-034	135.26
pam-007-035	135.79
pam-007-036	109.89
pam-007-037	NA
pam-007-038	104.18
pam-007-039	140.625
pam-007-040	126.33
pam-007-041	127.03
pam-007-042	127.57
pam-007-044	115.6
pam-007-045	124.56
pam-007-046	139.615
pam-007-047	120.665
pam-007-048	153.13
pam-007-049	152.45
pam-007-050	126.45
pam-007-051	151.27
pam-007-052	NA
pam-007-053	151.61
pam-007-054	NA
pam-007-055	NA
pam-007-056	135.093333333333
pes-001-000	240.7
pes-001-001	211.22
pes-001-002	198.38
pes-001-003	194.36
pes-001-004	224.7
pes-001-005	220.08
pes-001-006	201.36
pes-001-009	199.27
pes-001-010	197.7
pes-001-012	202.56
pes-001-013	197.64
pes-001-015	200.79
pes-001-017	204.12
pes-001-018	207.22
pes-001-020	208.02
pes-001-021	204.75
pes-001-023	102.29
pes-001-025	218.67
pes-001-026	199.23
pes-001-028	219.23
pes-001-029	208.18
pes-001-030	198.56
pes-001-032	198.19
pes-001-033	200.79
pes-001-034	202.545
pes-001-035	200.04
pes-001-036	193.82
pes-001-037	195.79
pes-001-038	200.58
pes-001-039	198.74
pes-001-040	196.72
pes-001-041	198.04
pes-001-042	201.52
pes-001-044	209.04
pes-001-045	206.91
pes-001-047	209.62
pes-001-048	239.44
pes-001-050	204.6
pes-001-051	198.92
pes-001-054	225.54
pes-001-056	196.13
pes-001-057	192.48
pes-001-059	188.865
pes-001-060	219.03
pes-001-061	210.14
pes-001-062	201.4
pes-001-063	211.91
pes-001-065	203.13
pes-001-066	214.65
pes-001-067	203.37
pes-001-068	194.95
pes-001-069	210.33
pes-001-072	227.61
pes-001-073	210.66
pes-001-074	195.42
pes-001-075	195.6
pes-001-076	216.48
pes-001-077	209.115
pes-001-078	201.47
pes-001-079	190.09
pes-001-081	201.79
pes-001-082	208.7
pes-001-084	207.54
pes-001-085	210.015
pes-001-087	208.4
pes-001-088	206.23
pes-001-090	211.24
pes-001-093	220.42
pes-001-094	211.02
pes-001-095	220.67
pes-001-096	218.66
pes-001-097	201.25
pes-001-098	239.52
pes-001-099	219.27
pes-001-100	214.93
pes-001-102	266.63
pes-001-103	225.91
pes-001-104	208.61
pes-001-105	198.635
pes-001-106	238.06
pes-001-108	208.445
pes-001-109	196
pes-001-110	238.46
pes-001-112	214.96
pes-001-113	192.476666666667
pes-001-115	213.72
pes-001-116	227.315
pes-001-117	203.35
pes-001-118	234.79
pes-001-119	226.54
pes-001-120	222.725
pes-001-121	193.995
pes-001-122	216.01
pes-001-124	200.34
pes-001-125	212.783333333333
pes-001-126	192.94
pes-001-128	234.64
pes-001-129	194.48
pes-001-134	229.86
pes-001-135	NA
pes-001-136	234.775
pes-001-137	197.96
pes-001-138	210.455
pes-001-139	189.345
pes-001-142	211.25
pes-001-144	244.945
pes-001-146	170.44
pes-001-147	195.38
pes-001-148	230.786666666667
pes-001-149	202.476666666667
pes-001-150	227.226666666667
pes-001-151	221.3
pes-001-152	144.17
pes-001-153	249.09
pes-001-154	213.105
pes-001-155	225.95
pes-001-156	193.755
pes-001-159	220.473333333333
pes-001-160	223.32
pes-001-161	192.515
pes-001-162	207.75
pes-001-163	436.11
pes-001-168	227.3
pes-001-169	193.8
prs-000-000	155.8
prs-000-001	144.11
prs-000-002	137.59
prs-000-003	166.97
prs-000-004	149.68
prs-000-005	158.15
prs-000-006	157.445
prs-000-007	151.78
prs-000-008	131.26
prs-000-009	152.27
prs-000-010	128.51
prs-000-011	167.41
prs-000-012	155.74
prs-000-015	170.9
prs-000-016	147.7
prs-000-017	146.02
prs-000-019	152.645
prs-000-020	151.105
prs-000-021	152.37
prs-000-022	147.235
prs-000-023	150.64
prs-000-025	160.64
prs-000-026	130.77
prs-000-027	171.99
prs-000-028	158.22
prs-000-030	163.805
prs-000-031	165.59
prs-000-032	160.61
prs-000-033	168.33
prs-000-034	159.27
prs-000-035	161.19
prs-000-036	151.775
prs-000-038	166.09
prs-000-039	166.29
prs-000-040	174.1
prs-000-042	149.05
prs-000-043	155.625
prs-000-044	187.09
prs-000-046	161.915
prs-000-047	162.495
prs-000-048	186.79
prs-000-049	169.78
prs-000-050	160.72
prs-000-051	134.83
prs-000-052	160.13
prs-000-053	167.88
prs-000-054	171.16
prs-000-055	151
prs-000-056	171.72
prs-000-057	162.74
prs-000-058	172.215
prs-000-061	178.45
prs-000-062	161.95
prs-000-063	162.09
prs-000-066	209.48
prs-000-067	223.84
prs-000-068	166.54
prs-000-069	157.04
prs-000-070	164.8
prs-000-071	198.14
prs-000-073	173.57
prs-000-075	149.49
prs-000-076	137.4
prs-000-077	146.47
prs-000-078	154.01
prs-000-080	149.426666666667
prs-000-081	173.5
prs-000-082	191.89
prs-000-083	171.31
prs-000-084	153.48
prs-000-085	152.49
prs-000-086	167.16
prs-000-088	213.9
prs-000-090	224.59
prs-000-091	161.995
prs-000-092	225.88
prs-000-095	179.24
prs-000-096	183.19
prs-000-097	153.465
prs-000-098	145.695
prs-000-099	129.4
prs-000-100	164.69
prs-000-101	178.45
prs-000-104	155.015
prs-000-105	189.11
prs-000-106	183.815
prs-000-107	139.145
prs-000-108	152.61
run-000-000	104.03
run-000-001	106.715
run-000-002	107.966666666667
run-000-003	104.43
run-000-004	103.683333333333
run-000-005	104.646666666667
run-000-006	105.613333333333
run-000-007	106.92
run-000-008	105.335
run-000-011	106.8
run-000-012	110.075
run-000-013	108.85
run-000-014	106.723333333333
run-000-015	111.243333333333
run-000-016	119.71
run-000-017	110.043333333333
run-000-018	114.163333333333
run-000-019	101.65
run-000-020	107.32
run-000-022	105.3
run-000-023	101.403333333333
run-000-024	106.77
run-000-025	102.57
run-000-027	117.973333333333
run-000-028	102.703333333333
run-000-030	113.015
run-000-031	107.07
run-000-032	105.58
run-000-033	108.335
run-000-034	106.005
run-000-035	116.35
run-000-036	NA
run-000-037	120.675
run-000-038	122.18
run-000-039	127.56
run-000-040	116.96
run-000-041	106.3825
run-000-042	106.42
run-000-043	112.323333333333
run-000-044	105.092
run-000-045	126.718
run-000-046	119.96
run-000-047	135.924
run-000-048	117.324
run-000-049	123.523333333333
run-000-050	123.34
sbc-000-001	151.5275
sbc-000-002	135.225
sbc-000-003	139.835
sbc-000-004	162.12
sbc-000-005	135.553333333333
sbc-000-006	122.22
sbc-000-007	140.19
sbc-000-010	117.68
sbc-000-011	144.68
sbc-000-012	124.61
sbc-000-013	149.14
sbc-000-014	144.74
sbc-000-015	123.255
sbc-000-016	152.415
sbc-000-017	155.87
sbc-000-018	147.905
sbc-000-019	151.25
sbc-000-020	149.88
sbc-000-021	186.895
sbc-000-023	137.225
tsw-000-000	101.7
tsw-000-003	97.88
tsw-000-004	96.415
tsw-000-005	99.6033333333333
tsw-000-006	102.015
tsw-000-007	105.83
tsw-000-008	100.395
tsw-000-009	107.603333333333
tsw-000-010	93.715
tsw-000-011	98.145
tsw-000-012	98.535
tsw-000-014	95.81
tsw-000-015	101.065
tsw-000-016	101.043333333333
tsw-000-017	101.84
tsw-000-018	100.155
tsw-000-019	103.375
tsw-000-020	98.29
tsw-000-023	92.325
tsw-000-024	94.795
tsw-000-027	105.015
tsw-000-028	99.65
tsw-000-030	107.19
tsw-000-031	100.87
tzm-000-001	123.13
tzm-000-005	126.58
tzm-000-007	125.97
tzm-000-009	135.57
tzm-000-010	123.91
tzm-000-011	124.16
tzm-000-015	133.23
tzm-000-016	136.3
tzm-000-018	137.2
tzm-000-019	130.295
tzm-000-020	128.07
tzm-000-021	133.44
tzm-000-024	146.22
tzm-000-025	146.94
tzm-000-027	136.44
tzm-000-028	140.74
tzm-000-029	138.47
tzm-000-030	147.65
tzm-000-031	140.1
tzm-000-032	135.51
tzm-000-033	133.16
tzm-000-035	138.27
tzm-000-036	140.66
tzm-000-038	141.07
tzm-000-039	138.39
tzm-000-040	148.85
tzm-000-042	132.94
tzm-000-043	127.23
tzm-000-044	161.51
tzm-000-045	150.515
wuu-002-009	148.44
wuu-002-011	172.64
wuu-002-012	169.81
wuu-002-013	136.51
wuu-002-016	197.51
wuu-002-018	182.25
wuu-002-024	132.47
wuu-002-030	188.37
wuu-002-034	168.17
wuu-002-035	195.44
wuu-002-037	168.875
wuu-002-038	197.3
wuu-002-041	183.43
wuu-002-042	187.57
wuu-002-043	222.84
wuu-002-045	178.34
wuu-002-047	174.89
wuu-002-048	144.82
wuu-002-049	150.015
wuu-002-050	168.69
wuu-002-051	132.26
wuu-002-052	122.875
wuu-002-053	170.735
wuu-002-055	NA
wuu-002-056	179.91
wuu-002-057	140.675
wuu-002-059	187.77
wuu-002-060	148.82
wuu-002-061	127.97
wuu-002-062	136.35
wuu-002-065	176.38
wuu-002-067	172.66
wuu-002-068	170.35
wuu-002-072	124.79
yue-009-000	106.23
yue-009-001	168.1
yue-009-002	123.53
yue-009-003	125.69
yue-009-004	122.1
yue-009-005	153.59
yue-009-006	124.2
yue-009-008	125
yue-009-009	111.49
yue-009-010	113.92
yue-009-011	123.25
yue-009-012	149.21
yue-009-013	146.09
yue-009-014	103.21
yue-009-015	119.83
yue-009-016	119.6
yue-009-017	115.72
yue-009-020	161.11
yue-009-021	104.77
yue-009-022	119.14
yue-009-023	124.46
yue-009-053	122.33
yue-009-054	133.34
yue-009-055	103.81
yue-009-057	128.68
yue-009-058	125.51
yue-009-059	136.91
yue-009-060	102.72
yue-009-061	97.94
yue-009-062	107.07
yue-009-063	98.73
yue-009-064	100.28
yue-009-065	100.13
yue-009-066	111.28
yue-009-067	108.86
yue-009-068	127.5
yue-009-069	108.83
yue-009-070	110.04
yue-009-071	128.33
yue-009-072	100.78
yue-009-074	101.17
yue-009-075	92.98
yue-009-076	101.36
yue-009-077	99.25
yue-009-078	103.25
yue-009-079	84.06
yue-009-080	97.69
yue-009-081	94.86
yue-009-092	111.44
yue-009-095	110.13
yue-009-098	110.915
yue-009-102	106.08
yue-009-103	100.84
yue-009-104	114.97
yue-009-105	116.52
yue-009-106	95.82
yue-009-107	124.8
yue-009-108	103.65
yue-009-109	111.36
yue-009-110	101.93
yue-009-111	88.38
yue-009-112	108.23
yue-009-113	115.865
yue-009-114	133.6
yue-009-115	131.04
yue-009-116	129.27
yue-009-117	111.685
yue-009-118	112.02
yue-009-119	115.67
yue-009-120	112.41
yue-009-121	109.95
yue-009-122	108.11
yue-009-131	92.79